,,DONOR #,,,,,,,,,,,,,,,,,,,,,,,,,,,,,,,,,,
epilepsy genes,gene id,1,2,3,4,5,6,7,8,9,10,11,12,13,14,15,16,17,18,19,20,21,22,23,24,25,26,27,28,29,30,31,32,33,34,35
ARC,499327522,0.6981,0.2712,1.3592,1.1165,0.77,0.8712,0.6428,0.8756,0.8306,1.3831,0.2921,0.103,0.3173,1.6731,0.6975,1.147,0.5897,1.2779,1.0252,0.4986,1.0219,0.3794,0.0607,1.0009,0.4734,0.6781,1.0676,0.5332,1.282,-0.6281,0.917,0.8208,0.0318,0.1299,-0.2989
VIP,499322777,0.3969,-0.1702,1.0101,-0.7829,0.492,0.315,0.8724,0.9567,-1.3744,0.2618,0.0759,-0.0232,0.6116,1.3392,1.2354,1.0329,0.272,0.271,0.0708,-1.2593,1.8664,-0.2895,0.0054,0.2466,1.6764,-0.7037,0.7441,0.4515,0.5179,0.2655,-0.1256,0.4933,-1.7848,0.3526,0.2129
GRIA1,499319908,1.5034,1.3441,1.6482,1.0718,1.4645,1.2918,0.9728,1.3354,0.6913,1.0266,1.3943,1.0431,1.4041,1.8918,1.5926,1.67,1.2314,1.387,1.4293,1.1163,1.3484,1.5152,0.9005,1.1318,0.7404,1.0483,1.4188,1.487,1.7719,0.9205,1.4822,1.5064,0.5754,1.4967,1.0536
KCNQ2,499350684,1.0807,0.5123,0.9304,0.7977,0.5514,0.5651,0.454,0.8691,1.1793,0.9132,0.7626,0.4387,0.4518,1.0308,0.1277,0.741,0.5646,1.0741,0.8472,0.4069,0.7196,0.5314,-0.0032,1.0154,-0.0005,0.392,0.3523,0.7962,1.7333,0.3021,1.2442,0.8729,0.6764,1.0707,0.4147
HOMER1,499318917,0.257,-0.216,0.4396,-0.2729,0.1022,-0.0657,-0.5024,0.3534,-1.2122,-0.567,-0.2663,-0.4585,0.2921,1.2759,0.3373,0.0385,0.0359,0.063,-0.0166,-0.3905,1.0241,-0.9868,-0.3783,0.1765,-0.047,-0.4023,0.337,0.1806,0.4219,-0.4578,0.2549,-0.1949,-0.4995,-0.781,-0.559
KCNK9,499327481,-0.5679,-1.986,-0.2445,-0.8071,-0.616,-0.5876,-0.6685,-0.9078,-1.0655,-0.2334,-0.2827,-0.6195,-2.0877,-0.5594,-0.8744,-0.5875,0.1182,-1.6401,-1.0255,-0.7628,-0.311,-0.8811,-1.1341,-1.1489,-0.7384,-2.2393,-0.0527,-0.9487,-0.479,-1.0398,-0.5402,-1.2626,-1.4221,-1.6329,-1.686
GRIK2,499322119,0.689,0.8728,0.6555,0.3912,-0.162,0.8243,-0.0405,0.9493,-0.3331,-0.4736,0.4958,0.95,1.1322,0.7787,0.8591,1.5794,0.4765,0.1226,0.7294,0.5151,0.7485,-0.1978,0.7955,0.1855,0.547,0.5585,-0.4257,1.1988,1.1857,-0.6253,0.4746,0.408,0.2575,1.0774,0.5706
KCNV1,499327226,-0.0605,-0.1737,-0.4481,-0.4314,-0.4711,-0.8604,-1.0166,-0.7633,-1.0037,-0.8883,-0.7757,-0.7249,0.0842,-0.1651,-0.3287,0.0017,-0.3258,-0.6369,-0.5462,-1.287,-0.0997,-1.5473,-0.3876,-0.5829,-0.8489,-0.5675,-0.4096,-0.0746,-0.3469,-0.8778,0.2291,-0.5627,-0.6377,-0.4711,-0.7635
SLC1A2,499332594,0.2835,0.4911,-0.8964,-0.4031,-0.0176,0.4895,-0.2075,0.51,-1.4081,-1.16,0.9097,0.2662,0.7749,0.5612,-0.6753,-1.4518,-0.1407,-0.7144,0.8928,0.1999,0.9634,-0.1653,0.1588,0.2457,-0.387,0.2985,-0.4148,0.3382,0.3798,-0.0303,-0.8254,0.2273,-0.0965,0.9035,-0.5546
CHRNB2,499307542,0.8598,0.8246,0.5927,0.5557,0.6356,0.5806,0.1906,0.8333,0.4236,0.2582,0.9644,0.7154,0.9279,0.9707,0.0634,0.4779,0.5271,0.5556,1.0653,0.5661,1.3233,0.1444,0.3716,0.3556,0.0296,0.8465,0.1836,0.3766,1.5007,-0.1374,0.7869,0.7385,0.3752,1.0739,0.4804
GRIA2,499317616,0.9702,1.0953,1.0419,-0.047,0.8183,0.6926,0.2063,0.5226,-0.0835,0.03,0.5247,0.4231,0.7023,1.7396,1.014,1.2973,0.7201,-0.0057,0.6758,0.1853,1.1823,0.4436,0.6503,0.4057,0.3819,0.0747,0.6768,1.306,1.1285,0.0683,0.8339,0.9037,-0.8911,0.853,0.3774
KCNQ3,499327431,0.1238,0.0398,0.6217,0.2842,0.1534,0.1915,-0.5618,-0.0044,-0.5545,-0.2862,0.2338,-0.1577,0.5086,0.6412,0.2389,0.8461,-0.4275,0.3293,0.0963,-0.2726,0.5213,-0.5389,0.1283,0.2601,0.2322,-0.09,0.1906,0.2527,0.404,-0.5869,0.6056,-0.0992,-0.9389,0.3204,-0.5606
GRIK1,499351035,-0.3484,-0.0178,1.3458,0.7667,1.1163,0.7114,1.1254,0.8262,-0.2487,-0.3233,-0.1301,1.7802,0.1059,0.5631,2.293,0.4248,0.5141,1.1717,-0.0476,1.5392,0.791,1.3743,0.1017,0.2676,2.5584,-1.4598,0.1012,0.4261,1.3748,0.6977,-0.3456,0.2444,-0.6576,0.0481,0.7007
ARHGEF9,499353348,0.7891,0.9704,0.9983,0.3175,0.7918,0.6898,0.1813,0.4572,0.0313,0.176,0.5768,0.3343,0.8584,1.4083,0.9516,1.3618,0.5466,0.6199,0.8715,0.4453,0.8292,0.0317,0.2777,0.5244,0.3266,0.3948,0.7433,0.8689,1.0869,-0.0101,0.9917,0.6647,-0.6838,0.9553,0.3666
GRIA3,499354037,0.7362,0.756,1.2667,0.0231,0.8826,0.4463,0.0183,0.5332,-0.3588,-0.091,0.6737,0.5289,0.3674,1.5326,1.1371,0.9785,0.5209,0.2883,0.4192,0.2132,1.1451,1.0487,0.1645,0.2335,0.5304,-0.0907,0.582,0.9018,1.2931,-0.2309,0.8191,0.7583,-0.7171,0.6092,0.2802
SLC25A22,499331881,1.1919,0.9832,1.1848,0.8595,0.555,0.7,0.5789,0.5223,1.3873,0.8187,0.8131,0.4807,0.7692,1.1847,0.178,1.2622,0.806,1.3023,1.2465,0.4597,0.518,0.0551,0.145,0.9876,0.1804,0.7937,0.4363,0.5907,1.6541,0.2136,1.2149,1.029,0.1645,1.3122,0.7824
GRM7,499313027,1.0171,1.0384,0.7157,0.6174,0.6513,0.6413,0.0541,0.7983,-0.0256,-0.0747,0.5503,0.6036,1.2982,1.2524,0.9778,1.3518,0.4411,0.7694,0.7027,0.2937,1.0568,-0.1586,0.8651,0.5487,0.2788,0.3865,0.3738,1.3803,1.2907,-0.1252,0.8215,0.7164,-0.5599,1.066,0.6086
GABRB2,499320010,-0.4506,-0.3254,0.1733,-0.62,0.1344,-0.1057,-0.313,-0.2904,-0.7908,-0.5774,-0.345,-0.2773,-0.6582,0.2122,0.5025,0.2618,-0.0256,-0.9051,-0.8082,-0.5752,0.0972,-0.0835,-0.0649,-0.5094,0.1602,-1.0117,-0.0979,0.2213,-0.1685,-0.4868,-0.0034,-0.3502,-1.3311,-0.3315,-0.6648
GABRG2,499320018,-0.2222,-0.032,0.3788,-0.4044,0.1831,-0.0714,-0.3256,-0.3552,-0.5665,-0.8591,-0.8904,-0.6961,-0.2711,0.4724,0.9505,0.511,-0.1018,-0.1381,-0.2232,-0.2738,0.1812,-0.6625,-0.2135,-0.3311,0.2001,-0.5277,-0.0501,0.0435,-0.0517,-0.475,0.0742,-0.0497,-1.2148,-0.0505,-0.4773
CNTNAP2,499325421,0.0001,0.1023,-0.1309,-1.1518,-0.0717,-0.5412,-0.7209,-0.8319,-1.4016,-0.7879,-0.2027,-0.8097,0.3263,-0.0719,-0.1206,0.1817,-0.2894,-0.9839,-0.6757,-0.754,0.185,-0.5345,-0.4414,-0.6006,-0.5536,-0.9472,-0.1622,-0.262,0.1638,-0.8645,-0.3593,-0.2805,-1.1639,-0.8236,-0.3174
GRM1,499322681,1.0747,1.1092,1.3091,0.8344,0.782,0.8084,0.3172,0.3501,0.8299,-0.1391,-0.0129,0.577,1.3859,1.3553,1.3544,2.0136,0.4643,0.9539,0.6447,0.9798,0.8505,-0.9431,1.1384,0.4354,0.4271,0.44,0.3821,1.6432,1.2498,-0.054,1.4947,0.9757,0.1887,1.3685,0.3703
GRM2,499313791,-0.2466,0.95,-0.2594,-0.2333,-0.6507,-0.0662,0.2909,-0.148,0.1448,-1.4863,-1.1137,0.0098,1.1504,0.9929,-0.8912,1.8423,-0.8872,-0.3833,0.3275,-0.4164,0.5899,-1.8311,-0.1279,-0.7355,-0.4769,1.1766,-2.0149,0.5215,0.0003,-0.7064,0.8129,-0.0199,-0.0413,1.1165,-0.5042
DLGAP2,499325667,0.092,-0.1065,-0.0616,0.0075,-0.0464,-0.5345,-0.6771,-0.3885,-0.1716,-0.5779,-0.1808,-0.1053,0.2549,-0.1506,-0.5762,0.3441,-0.319,0.1061,0.0227,-0.2431,-0.0117,-0.5975,-0.2704,-0.664,-0.5456,-0.2212,-0.5053,-0.0036,0.3757,-0.7719,0.1154,-0.1347,-0.48,0.0684,-0.495
CACNB1,499344919,0.4948,0.384,0.5764,-0.0349,0.4874,0.4184,-0.1126,0.2013,0.0669,0.2049,0.434,-0.1762,0.3668,1.2695,-0.3265,0.6496,0.2658,0.134,0.5565,-0.0688,0.7698,0.4879,-0.3331,-0.0981,-0.055,-0.0166,0.2967,0.0676,1.012,-0.4549,0.671,0.4021,-0.3257,0.4326,-0.2873
CACNA1E,499308197,1.1,1.2967,1.2032,0.9827,1.0615,0.8446,0.3877,1.0648,0.8856,0.4528,1.0093,0.849,1.483,1.2825,0.9303,1.5962,1.012,0.6895,1.2317,0.7432,1.1852,0.3777,1.0831,0.7872,0.513,1.1155,0.8091,1.3598,1.468,0.2983,1.4804,0.878,0.8565,1.1933,0.657
KCNJ3,499311676,0.6123,0.5054,0.9085,0.4549,1.0916,0.7096,0.383,0.3535,0.6,0.4107,0.3721,0.1911,0.0575,1.0308,1.4525,1.1268,0.7714,0.4127,0.251,0.668,0.4972,0.6101,0.4162,0.565,0.532,-0.1442,0.7788,1.0521,0.8341,0.0541,0.9867,0.6859,-0.4345,0.4971,0.1632
GABRA1,499320016,-0.669,-0.5257,0.0739,-0.5537,0.0652,-0.161,-0.2465,-0.3026,-1.0213,-0.7975,-0.5839,-0.5139,-0.8402,0.1763,0.6896,0.0624,-0.0337,-0.9104,-0.817,-0.5777,0.2973,-0.4958,-0.237,-0.5039,0.4065,-1.2751,-0.166,-0.2555,-0.2337,-0.4629,-0.0803,-0.3931,-1.2262,-0.7005,-0.6574
GABBR2,499328961,0.1374,0.1044,-0.0011,-0.2333,0.159,-0.2385,-0.4921,-0.0559,-0.1837,-0.4518,-0.0811,-0.3638,0.2156,0.1315,0.1582,0.1261,0.1294,-0.1064,0.0437,-0.3756,0.2332,-0.569,-0.1198,-0.1356,-0.3912,-0.1281,-0.2462,0.2241,0.2854,-0.6543,0.1374,-0.0752,-0.5007,-0.0016,-0.3108
ATP2A2,499336542,0.8614,0.5438,0.6513,-0.5038,0.9442,0.2625,-0.1452,0.0718,0.1525,-0.1378,0.541,-0.5298,0.2622,0.9547,1.0564,0.4239,0.6014,-0.0078,0.5087,-0.3141,1.1024,-0.2577,-0.0129,0.538,-0.517,-0.0532,0.5986,0.9897,0.9623,-0.0964,0.6987,0.4008,-0.3177,-0.4691,-0.0632
GABBR1,499320988,0.5884,0.753,-0.1992,-0.364,0.5467,0.4959,0.4221,1.0815,-0.3821,-0.8361,0.8245,0.8368,1.4118,0.9235,-0.1968,0.3677,0.6835,0.3145,1.1956,0.1399,1.5939,-1.1814,0.3532,0.1807,-0.0446,0.8609,-0.3449,0.7635,1.233,1.0047,-0.3461,0.2132,0.0606,0.9997,-0.0014
GRM4,499321302,-1.0785,-1.4805,0.0207,0.215,-0.7661,-0.6997,-0.4612,-0.441,0.4027,-0.9602,-0.7788,0.3007,-1.3123,-0.9498,-0.902,-1.2977,0.6485,-0.0283,-1.4992,-0.2412,-0.8147,-1.4349,-0.5763,0.0286,-0.2804,0.0458,-1.1115,-0.9939,-0.6311,-1.4272,-1.813,-0.9619,0.2588,-0.9235,-1.0767
NOS1,499336673,1.9615,0.9189,0.5761,-0.2526,1.0342,-0.0701,0.3474,1.6511,1.1256,0.3827,1.7007,0.2042,1.3001,0.4174,0.4291,1.4353,0.6657,0.36,1.011,-1.592,2.5474,0.6101,1.0257,0.3576,0.1972,0.9837,0.3157,1.3915,1.8589,1.4724,-0.105,0.7859,1.6224,0.8719,0.9408
CST3,499349897,1.2626,1.1895,-0.2232,-0.4939,0.2563,1.8428,1.2895,0.7741,0.867,0.4859,1.0146,1.0056,1.0451,1.6642,-0.816,-0.3574,0.4959,0.6097,1.9718,1.0989,1.4712,0.7379,-0.3169,1.2008,0.335,1.3201,0.0551,1.2828,0.8958,0.856,-0.3303,0.8928,0.1143,1.5348,-0.2316
KCNJ6,499351230,1.1271,1.1435,1.5145,1.1232,1.394,0.694,0.567,0.8185,0.9517,0.4719,0.2548,0.5591,1.1281,1.6475,1.8433,1.7175,0.8986,1.4646,0.9787,1.1268,0.8129,0.5941,0.6275,0.9125,0.3987,0.7986,1.1654,1.3023,1.4588,0.3507,1.7445,1.1993,-0.0152,1.1922,0.5498
ATP6AP2,499352976,0.7647,1.076,0.8504,-1.373,0.6622,0.6858,-0.158,-0.1116,-0.8561,-0.1491,0.6019,-0.1704,0.4849,1.5679,0.6333,0.0599,0.0642,-0.9463,0.386,-1.0485,2.1033,0.3527,0.367,0.3966,1.1003,0.0196,0.308,0.5965,0.4202,-0.7842,0.3886,0.6285,-1.6702,-0.4012,0.4813
MAPK10,499316848,0.193,0.0419,-0.0146,-0.4247,0.4741,-0.1421,-0.2981,-0.3386,-0.4248,-0.5354,0.2353,-0.4019,-0.7563,0.5183,0.6606,0.1859,0.2099,-1.1278,-0.1877,-0.2854,0.1444,-0.1417,-0.298,0.2065,-0.3756,-0.5259,0.2671,0.1536,0.2353,-0.3105,0.1741,0.0749,-0.8131,-0.5547,-0.4147
SYN1,499353079,0.6836,0.645,0.4151,0.2643,0.375,-0.0826,-0.5206,0.1014,0.4347,-0.0567,0.442,-0.0557,0.6001,0.1159,0.3264,0.5135,0.2268,0.2693,0.6157,0.2049,0.4059,-0.0968,0.1113,0.1601,-0.251,0.4722,0.0309,0.2591,0.6815,-0.5066,0.7123,0.2503,-0.0896,0.4859,0.2577
LGI1,499331165,1.0615,1.1734,0.6202,0.5717,1.1207,1.0433,0.0871,0.5469,0.7121,-0.4434,-0.0632,-0.5466,1.4098,1.7819,1.7421,1.327,1.256,0.3374,1.1146,0.679,1.2683,-1.2777,0.9226,1.1079,0.5211,0.9594,0.6599,0.7072,0.8205,0.4183,0.2668,1.0006,-0.3534,1.0048,0.6294
LGI2,499316139,-0.8768,-1.0459,0.5903,-2.2796,-0.567,-0.8181,-0.5211,-0.8865,-1.0863,-0.7851,-0.9123,-1.8433,0.1427,-1.4765,0.3387,-0.8542,0.4398,-1.2691,-0.851,-1.8596,-0.2249,-1.8465,0.2019,-0.5811,0.3645,-2.0111,-0.3924,-0.0662,-1.1016,-0.4812,-1.8364,-1.2224,-1.4294,-0.6081,-0.4846
GRM3,499324363,-0.8124,-1.3497,-0.6218,-1.7545,-0.3881,-0.5631,0.0887,-0.5922,-1.2975,-0.1123,-0.3303,-0.0107,-1.4135,-0.5239,-1.6878,-1.4778,-0.716,-0.7033,-1.3692,-0.4073,0.322,-0.2343,-1.2409,-0.9428,-0.4666,-1.2102,-0.3113,-0.6721,-1.1647,-1.0141,-1.6787,-0.9704,-1.4578,-0.6493,-0.1148
RTN4,499310141,-1.069,-0.3068,-0.3479,-1.7354,-0.476,-1.0597,-1.2609,-1.2089,-2.4015,-1.5437,-1.2474,-1.6436,0.0713,-0.1488,-0.0326,-0.6114,-0.7677,-2.4182,-1.3881,-1.9238,1.1102,-2.5629,-0.0087,-0.9958,-0.0999,-1.2161,-0.3354,-0.1847,-1.2864,-1.6148,-1.3297,-1.5293,-1.9277,-1.691,-0.7828
CLIC5,499321578,0.4078,0.4616,-1.2442,-0.7402,0.0725,0.4256,-0.7114,0.2124,-0.2082,-1.982,2.3949,-0.7683,-0.6169,-0.8398,-0.0036,-0.0739,-0.1839,-0.8398,-0.6569,-0.4487,1.728,-0.5095,-0.6857,-0.1323,1.006,-1.2456,-1.267,-0.8104,-0.9253,0.7533,-1.3946,0.716,0.2608,0.7444,0.2219
SCN1A,499311808,-0.5122,-0.6687,-0.2366,-0.2642,-0.2123,-0.4624,-0.5647,-0.7564,-0.5628,-0.9744,-1.021,-0.8141,-0.6857,-0.6529,0.702,-0.0026,-0.5792,-0.8321,-0.7104,-0.6049,-0.2947,-0.8521,-0.1507,-0.5254,0.2532,-1.2271,-0.6283,-0.3271,-0.4729,-0.6355,-0.2584,-0.5398,-1.0289,-0.4184,-0.3698
GABRB3,499340551,0.7217,0.7851,0.7077,0.562,1.011,0.3864,0.2236,0.5624,0.3749,0.1014,0.469,0.2053,1.0352,1.1414,0.82,1.098,0.7127,0.3252,0.6458,0.407,0.7466,-0.0572,0.8395,0.5932,0.0743,0.6679,0.6981,0.9217,0.8836,0.0141,1.1508,0.5324,-0.0734,0.4648,0.4354
ABAT,499342332,-0.7424,-0.9916,-0.7557,-0.708,-0.2449,0.0064,-0.3023,0.0644,-1.3419,-0.3638,-0.2358,-0.391,-0.1901,-0.3434,-0.3418,-1.716,-0.1468,-0.8295,-0.0597,-0.5028,0.1259,-1.1738,-0.3541,0.1983,-0.745,-0.3132,-0.4049,-0.5647,0.0304,-0.6269,-1.2727,-0.5206,0.0134,-0.567,-0.8277
CACNA1I,499352301,1.0803,0.6761,0.8901,0.9033,0.7424,0.3278,0.247,0.7548,1.4632,0.2373,0.2489,0.3409,0.8763,0.8917,0.7136,0.8253,0.7368,0.9698,0.7802,0.5384,0.5806,0.2127,0.3935,0.9028,0.2011,0.8391,-0.0318,0.9008,1.6399,-0.8985,1.7486,0.5762,0.4719,1.2328,0.7512
ATP1A2,499307767,0.6619,-0.076,-1.6984,0.7249,0.2168,0.9941,1.0424,0.6117,0.2828,-0.5498,0.9291,0.7362,0.7421,0.4057,-0.0765,-1.144,0.7903,0.2025,1.2834,0.1379,1.169,-0.9505,0.5309,0.711,-0.2609,0.9827,-1.0551,0.4852,0.2327,0.5754,-0.8776,0.2259,1.3014,0.914,0.2632
GABRE,499354400,-0.4026,0.1191,-0.1897,-0.8909,-0.6008,-0.9807,-0.7956,-1.8235,-0.1034,-0.3906,-0.481,-0.9643,-1.5447,-1.6856,0.1632,-0.5773,-0.6653,-0.8068,-0.9466,-0.6956,-1.3958,-0.3869,-0.2687,-0.6092,-0.1921,-1.3451,-1.9291,1.0992,-1.6938,0.2477,-0.8146,-0.7492,-0.8777,-0.7552,-1.071
KCNA1,499334723,0.4908,0.6085,0.8277,0.6723,0.4556,-0.2781,-0.2934,0.2214,0.3667,-0.4503,-0.3814,-0.5291,0.7426,0.7998,1.241,0.7388,0.3903,0.5403,0.8395,0.4099,-0.142,-0.9909,0.0713,0.6234,-0.2739,0.4691,0.2059,0.2368,1.0183,-0.2572,0.921,0.5111,-0.4897,0.5683,0.5552
DCX,499353886,-1.0614,-0.9866,-1.2332,-1.0266,-1.2236,-0.9917,-1.0371,-0.4591,-1.6082,-1.7609,-0.2472,-0.9898,-0.331,-1.5648,-0.7728,-1.597,-1.1274,-1.2372,-1.191,-1.605,-0.2265,-0.7234,-0.2203,-1.4586,-0.9058,-1.0439,-1.1001,-0.5912,-0.5505,-0.6624,-1.6604,-0.9744,-0.4779,-0.8558,-0.6114
OPRM1,499322792,-1.1638,-1.4308,-0.9123,-1.0503,-1.4321,-1.6075,-1.4473,-1.259,-1.0612,-1.715,-1.5637,-1.1934,-1.1509,-1.3244,-1.0225,-0.9076,-1.2426,-1.7128,-1.2326,-1.646,-1.2855,-1.6664,-1.0569,-1.0584,-1.6817,-1.4311,-1.0778,-1.483,-1.135,-1.5288,-1.4352,-1.2377,-0.2948,-1.8443,-1.2512
LGI3,499326069,-1.8243,-1.8402,-1.5175,-0.9605,-1.3775,-1.4459,-0.8203,-1.6706,-1.0979,-0.6471,-1.0688,-0.9234,-2.2274,-2.205,-2.2379,-2.0124,-0.9225,-1.02,-1.8415,-1.1157,-1.5389,-1.5473,-1.6866,-1.2246,-0.9971,-1.4953,-0.7492,-1.6612,-1.7801,-1.3084,-2.1113,-1.6639,-1.8294,-1.8435,-0.8002
TSC1,499329555,-0.1166,-1.7227,-1.5464,-0.7656,-0.7753,-0.5755,-1.7466,-0.6198,-1.2635,-1.6283,-1.059,-0.2377,-1.4645,-1.1028,-0.1192,0.0354,-0.5375,-1.9778,-1.9043,-0.6752,0.3815,-3.1054,-0.4951,-0.86,-1.0386,-1.6783,-1.1005,-0.2031,-0.2942,-1.2067,-1.894,-1.6337,0.1166,-1.5875,-1.0103
SCN1B,499348225,-0.9841,-0.7692,-0.5155,-0.639,-0.9521,-0.674,-1.087,-1.1378,-0.5936,-0.9638,-0.9656,-1.1593,-0.8571,-0.8546,-0.5158,-0.4008,-0.6288,-1.2624,-0.9037,-0.8206,-1.0927,-1.8361,-0.8675,-0.5965,-0.2442,-1.3007,-0.8952,-0.7905,-0.7041,-0.9569,-0.3345,-0.9053,-1.8934,-0.8086,-1.0196
TSC2,499342156,-0.1844,-1.2354,-0.2901,0.5409,-1.2926,-0.9798,-0.6616,-0.4581,0.0236,0.4447,0.3826,-0.6551,-1.7709,-0.6671,-1.9319,-0.5398,-1.0075,1.173,0.0451,-0.4447,-0.2724,-1.1914,-1.6299,-1.326,-2.5163,-0.6745,-0.7853,-1.1958,1.1895,-0.9105,-0.6524,-0.3627,-0.4692,0.3304,-1.5826
