epilepsy genes,gene id ,36,37,38,39,40,41,42,43,44,45,46,47,48,49,50,51,52,53,54,55,56,57,58,59,60,61,62,63,64,65,66,67,68,69,70,71,72,73,74,75,76,77,78,79,80,81,82,83,84,85,86,87,88,89,90,91
SLC1A2,499332594,0.2471,-0.2525,1.3027,-0.3604,0.4078,0.4282,0.622,0.8285,0.7475,0.1474,0.6696,0.2957,-0.0897,1.6538,0.5715,0.1267,0.9189,0.7439,0.511,0.0484,0.5634,0.4714,0.3829,1.4569,0.7466,0.0789,0.8837,0.0839,0.7351,-0.2554,0.9245,0.8969,0.7417,0.324,0.1789,0.1664,1.0414,0.3095,0.7559,0.0804,0.2512,0.7699,1.1439,0.9654,0.0123,1.2025,0.5112,-0.1831,0.4694,1.1295,0.6719,0.9269,0.4386,0.3212,-0.0202,-0.0525
SLC1A3,499318380,-0.1582,-0.1574,0.5057,-0.58,0.5777,1.0794,0.5907,-0.0117,0.5286,0.3125,0.1063,1.1275,0.2568,-0.1036,-0.0083,0.3802,0.5258,0.3866,-0.552,0.1349,-0.0441,0.3435,0.0682,1.4879,1.8817,0.1358,1.7212,0.0939,0.9649,-0.6961,-0.318,0.9145,0.0751,-0.4172,0.4662,0.2529,0.8883,0.0662,0.3696,-0.3861,2.211,0.1641,0.3146,0.4381,-0.6605,0.3711,-0.5383,0.2207,1.1184,0.2485,1.4787,-0.0252,-0.2814,0.7089,0.1274,-0.1274
GRIK1,499351035,0.7491,0.0867,0.5623,0.3862,-0.1841,0.4517,0.8083,0.4143,0.5605,-0.4958,0.793,-1.4276,0.8004,0.6963,0.5308,0.6702,0.8665,0.5424,0.3291,0.0392,0.6007,0.614,0.5588,0.5779,0.0504,0.4407,0.4207,-0.2979,0.5339,0.4899,0.6103,0.8352,0.4453,-0.035,0.6035,-0.2643,0.6286,-0.4607,0.5793,0.2776,0.3919,-0.0536,0.6738,-0.0859,-0.3132,0.228,1.2276,-0.4674,1.4613,0.541,0.7044,0.7624,0.2038,0.4076,-0.0331,0.1168
VIP,499322777,0.5495,0.4821,0.3056,0.6153,0.3609,0.5327,0.9699,0.67,0.3473,-0.2303,0.5551,-0.9343,0.8618,0.7572,0.5001,1.003,0.8764,0.4346,-0.3474,0.9211,0.9753,0.5733,1.0585,0.9774,0.3453,0.6347,0.6379,0.3569,0.3241,0.9327,0.3237,0.7617,1.0459,-0.4631,1.088,0.2499,0.3113,0.0746,0.2647,-0.3941,-1.0838,1.1507,0.8067,0.2263,0.0321,0.56,0.8036,-0.286,1.1258,0.4582,0.0808,1.1743,0.2805,0.5702,0.143,0.8785
GRIK2,499322119,0.7497,-0.0416,0.9593,0.2923,-0.1158,0.3255,0.9341,0.4188,0.159,0.2658,0.0199,-0.3915,0.6493,0.4991,0.807,0.4085,0.4814,0.392,0.4953,-0.2648,0.3433,0.8261,0.2127,0.6801,0.2662,0.2324,0.4082,-0.0897,0.3736,0.6828,0.2688,0.5144,0.648,0.4292,0.869,-0.1691,0.6431,-0.2918,0.3171,0.3587,0.1982,0.0138,0.7085,0.0958,-0.2255,0.7409,1.1126,0.2539,0.2684,0.4381,0.825,0.4687,0.2002,0.5454,-0.0495,0.2421
ATP1A2,499307767,-1.4273,-0.2926,0.5117,0.2943,-1.1211,0.0784,0.1554,-1.0761,0.4121,-0.2848,-0.844,-0.9451,0.7418,0.2413,0.5386,0.0186,0.5197,0.7502,-0.4571,-1.1986,-1.1536,-0.5502,-0.2676,2.2222,1.126,-0.4646,0.576,0.1308,-0.924,-1.1102,-0.4599,1.5071,-0.4954,-0.1675,0.6191,0.3043,0.1243,-1.2564,0.1763,-1.1979,-0.5018,-0.2404,0.3682,0.8368,-0.9531,0.8939,0.0418,-0.0704,-0.8193,0.0887,0.8934,-0.2821,0.1885,0.1616,-0.4811,-1.5748
DCX,499353886,1.2914,1.2837,1.0726,0.9605,0.0388,0.3339,0.5481,1.8537,0.3205,1.3823,1.0165,-0.9571,1.004,1.4159,0.9485,0.7948,0.6992,0.8133,0.6743,0.5411,1.2001,0.4013,1.0212,1.2479,0.542,0.5065,1.073,0.7293,0.1837,1.4282,0.9644,1.0357,1.0375,0.4832,0.9871,0.8414,0.7661,0.9263,0.6784,0.554,0.0574,0.4151,1.4346,0.9592,0.5663,0.8643,0.3336,0.9827,0.8477,1.2355,0.3315,1.1596,0.7178,0.9197,0.6222,0.8439
LGI2,499316139,1.1953,0.581,0.7295,0.4332,0.6509,1.5095,0.6755,1.2587,1.0438,0.3718,0.1661,1.0209,0.9228,0.2571,0.3243,1.0073,0.8225,2.0515,0.8266,1.8132,0.8106,0.4873,0.5836,0.8936,1.1208,0.849,1.5765,-0.1551,0.3083,0.8805,1.7716,1.0536,0.9984,0.1852,0.4391,-0.3241,0.7928,0.7371,2.1849,0.8632,1.1382,-0.9829,1.2723,1.4141,0.879,1.15,0.9109,0.0709,1.0316,1.5711,1.2091,1.6,0.6007,0.2496,0.2798,0.3255
LGI1,499331165,0.0554,0.6014,-0.1387,-0.3359,0.5649,0.5586,0.3057,0.2646,-0.2533,-0.1126,0.7807,0.2528,-0.8794,0.2243,-0.1941,0.4282,0.2173,0.7351,0.431,0.3093,0.0636,0.0602,0.3409,0.1321,0.7026,0.4917,0.7054,0.0727,-0.0005,0.2931,-0.267,-0.0778,0.5283,0.0715,-0.121,0.4111,-0.0014,1.2376,-0.0516,-0.8431,0.6177,-0.2772,-0.2476,-0.1025,0.4188,-0.1826,0.6306,0.1003,0.8481,-0.2842,0.8337,-0.077,-0.1874,0.2615,-0.0551,0.809
ABAT,499342332,1.0543,1.0139,0.9044,0.3524,0.1244,1.1304,0.6546,1.1618,0.4024,0.8328,0.3435,-0.1906,0.5649,1.5083,1.207,0.4794,1.1081,0.6265,0.5041,0.7574,0.6687,0.62,1.2111,1.1809,0.7866,0.7556,1.1286,0.4134,0.6858,0.7303,0.5258,0.3611,1.3032,0.6099,0.6101,0.5568,0.7084,0.6049,1.5744,-0.0382,-0.1823,0.4135,0.6216,0.8026,-0.1592,0.3543,1.2574,0.3294,1.9669,0.6805,0.4696,1.4814,0.5955,0.2581,0.5763,0.9593
GRM7,499313027,0.6782,0.7894,0.6814,0.4909,-0.3118,-0.1529,0.7257,0.7837,0.2319,0.1979,0.7049,-0.1875,0.5312,0.4012,0.4496,0.4276,0.6931,0.7493,0.451,0.6459,0.2933,0.5706,0.4983,0.7227,0.2718,0.2282,0.7889,-0.0095,0.5876,0.8113,0.335,0.6122,0.5296,-0.1277,0.627,0.5242,0.131,0.2355,0.5261,0.3704,0.6244,0.0699,0.764,0.3056,0.3404,0.1916,0.7445,-0.831,1.197,0.2127,0.5664,0.8606,0.4491,0.0207,0.4917,0.3707
KCNV1,499327226,1.0711,1.0715,0.9629,0.8848,0.2475,0.4712,0.7135,1.2833,-0.0554,1.2041,0.6493,0.3048,0.7756,0.7139,0.8288,0.7261,0.5306,0.5012,0.9178,0.835,0.5942,0.7657,0.5889,0.7121,0.6742,0.6134,0.7117,0.3892,0.8873,1.1769,0.8059,0.9565,0.5323,0.5004,0.8981,0.8127,0.7493,0.7511,0.7804,0.0949,0.3329,0.5438,0.8664,0.9329,0.6934,0.3374,0.7672,0.4093,1.2183,0.9441,0.7387,0.6762,0.8234,0.4258,0.5212,1.0192
GRIA2,499317616,0.4806,0.3635,0.4293,0.2189,-0.4554,0.2707,0.6906,0.7094,0.2929,0.383,0.3346,-0.3898,0.403,0.4506,0.3044,0.321,0.4765,0.4887,0.1864,0.3895,0.3253,0.5737,0.2533,0.5372,0.298,0.2768,0.4379,-0.1501,0.383,0.7953,0.3466,0.5713,0.2458,-0.0021,0.2191,0.0551,0.3567,0.3774,0.5085,-0.1904,-0.0613,-0.2459,0.1833,0.2731,0.4213,0.4323,0.9915,-0.2106,0.9656,0.1768,0.5939,0.553,0.1185,0.0801,0.1147,0.6421
HOMER1,499318917,0.6674,0.4172,0.9002,0.4841,-0.1734,0.8344,0.5893,0.7983,0.7636,0.2094,0.7498,1.2015,0.6256,0.2549,0.1503,0.655,0.3774,0.8744,0.264,1.2643,0.1299,0.1279,1.1957,0.8027,0.8489,0.439,0.6635,0.221,0.7102,1.3507,0.4168,0.8706,0.4356,0.009,0.7461,0.5351,0.5564,0.9059,0.5642,-0.1398,0.0975,0.1238,0.8262,1.0345,0.9407,0.2693,0.8799,-0.1901,0.9266,0.4345,0.7639,0.9298,0.3584,0.1397,0.6321,0.8252
ARHGEF9,499353348,0.8204,0.4234,0.4048,0.1091,-0.2329,0.475,0.4299,0.5879,0.2894,0.4298,0.18,-0.0147,0.2772,0.5173,0.3977,0.3302,0.1789,0.4244,0.3371,0.4443,0.4004,0.3711,0.4452,0.4703,0.082,0.1407,0.6956,0.0569,-0.0676,0.786,0.3017,0.353,0.2952,0.2067,-0.0009,0.0294,0.1241,0.3218,0.5906,0.1726,-0.3378,-0.1928,0.4887,0.2618,0.5135,0.2138,0.7835,-0.1452,0.7543,0.3576,0.5651,0.762,0.0014,-0.1037,0.1454,0.4069
KCNQ3,499327431,0.8701,0.5909,0.5022,0.3252,-0.2293,0.9734,0.5446,0.7148,0.6712,0.2721,0.2861,0.4188,0.4987,0.6797,0.6496,0.7549,0.4068,0.7015,0.4891,0.855,0.5568,0.3793,0.5534,0.5807,0.486,0.3801,0.9552,0.3539,-0.0953,0.9233,0.8429,0.3789,0.6189,0.2323,0.3545,0.2465,0.4926,0.722,0.7756,0.5463,0.3024,0.1525,0.7235,0.5843,0.7316,0.2731,0.6612,0.1705,0.7867,0.7767,0.9352,0.8265,0.4858,0.0011,0.4477,0.095
TSC1,499329555,0.6345,0.8961,0.6328,0.2556,1.1032,1.0593,0.1584,0.6507,0.3202,0.0852,0.1797,1.8704,-1.0549,0.8085,1.0869,0.3264,0.9544,0.7685,0.2623,1.2655,0.1106,0.6807,1.5774,0.3001,0.1951,0.4601,1.6326,-0.1072,-0.624,1.7626,0.5298,0.5493,0.6888,0.6328,0.9513,0.4976,0.8238,1.6449,0.1834,-1.3299,-0.0174,-1.0405,0.9375,0.6352,0.7984,0.0044,1.0786,1.5168,0.8842,0.4181,0.9354,0.8244,-0.107,0.4973,0.5821,1.2734
MAPK10,499316848,0.9604,0.9773,0.4608,0.2932,0.0242,1.1111,0.3272,0.966,0.7172,0.7201,0.7869,-0.153,0.6525,0.6881,0.3977,0.7883,0.4651,0.9825,0.3466,0.8874,0.5685,0.4381,1.0094,0.6573,0.7475,0.6986,1.0629,0.1197,0.0251,1.2615,0.736,0.4833,0.7862,0.2746,0.1591,0.425,0.3847,1.224,1.0868,0.0658,-0.4007,-0.1368,0.6071,0.5079,0.9329,0.4774,0.9986,0.2525,1.558,0.6669,0.5195,1.342,0.3438,0.029,0.4631,0.8756
GABRB3,499340551,0.496,0.5768,0.2559,0.2887,-0.1145,0.4307,0.4575,0.4132,0.3147,0.7455,0.2889,0.0224,0.4027,0.1879,0.2935,0.4166,-0.0482,0.4272,0.2011,0.7453,0.3056,0.5183,0.2367,0.3987,0.3893,0.2387,0.426,0.4793,-0.0258,0.9211,-0.0747,0.2722,0.501,0.0707,0.2735,0.2368,0.2328,0.7176,0.3476,-0.2682,0.2619,-0.0139,0.4256,0.2625,0.6259,0.0637,0.4535,0.0726,0.566,0.2182,0.3102,0.6266,0.1249,-0.1757,0.3024,0.7835
ATP6AP2,499352976,1.1245,-0.4645,0.1663,0.0218,-0.001,1.3057,1.4358,0.9983,0.5402,-0.4154,0.4605,0.1812,0.7533,0.7238,0.5933,0.835,0.9605,0.109,0.5849,0.8166,0.7221,0.2618,0.7092,0.7327,0.7724,0.7587,0.4332,-0.5249,-0.0586,1.8347,1.0676,0.7299,0.4518,-0.2355,0.1491,0.3686,-0.1163,1.263,0.8856,-0.2632,0.6733,-0.3925,0.3877,0.2956,-0.113,-0.1983,2.5914,-1.3404,2.0886,0.4485,0.9573,1.4545,0.4498,0.0868,0.0266,0.2
GRIA3,499354037,0.9434,0.545,0.439,0.4461,-0.4628,0.4812,0.4228,0.6359,0.6668,0.3849,0.5365,-0.0177,0.2469,0.5939,0.3789,0.4445,0.6006,0.4379,0.5384,0.6475,0.4818,0.5052,0.3568,0.47,0.2553,0.2422,0.6719,-0.0679,0.0052,0.999,0.4858,0.5215,0.4421,0.2813,0.4281,0.4401,0.4509,0.6318,0.6218,-0.2699,0.1529,-0.2248,0.526,0.5053,0.4888,0.5132,0.946,-0.1465,0.5683,0.8885,0.4912,0.8755,0.2577,0.0308,0.1021,0.114
CHRNA2,499326170,0.388,1.474,1.4281,0.5414,0.1792,1.3608,-0.0724,0.4029,0.1556,1.4179,-0.0762,1.3842,-0.1024,1.5666,-0.628,0.3202,0.9571,0.5589,0.3006,2.6923,0.5097,0.2816,1.2771,0.835,-0.3813,0.1664,0.5421,0.6827,1.7574,0.4101,0.709,1.0905,0.4467,0.5106,0.5424,0.2583,0.8248,0.0939,0.4959,1.2569,0.5999,1.3709,0.9995,0.4841,0.596,-0.1838,0.557,-0.1736,1.6278,1.4589,0.3024,0.7284,0.4478,0.7009,0.553,0.7889
GABRB2,499320010,0.8776,0.8816,0.6171,0.6589,0.1628,0.8445,0.3985,0.9674,0.5011,0.7875,0.6921,0.2076,0.6442,0.7812,0.5667,0.6855,0.6222,0.6872,0.3952,0.9086,0.6457,0.496,0.9419,0.7118,0.4999,0.6218,0.8453,0.2045,0.3484,1.0839,0.8329,0.6744,0.6634,0.3614,0.4894,0.6366,0.3817,0.9353,0.7962,0.4801,0.1993,0.1557,0.6687,0.7598,0.8087,0.5951,0.7126,0.3271,1.0667,0.65,0.4362,1.0334,0.6823,0.3112,0.6128,0.7213
GRIA1,499319908,0.1493,-0.1283,-0.1994,-0.1814,-0.4339,-0.1758,0.2775,-0.1248,-0.0134,0.0441,-0.1507,-0.3136,-0.0837,-0.3539,0.0221,-0.1443,-0.2631,0.0235,-0.1215,0.1769,-0.1839,0.0785,-0.2917,-0.0292,-0.0276,-0.1419,-0.1885,0.0746,-0.4029,0.2421,-0.3435,-0.1276,-0.1528,-0.057,-0.0601,-0.4051,0.007,-0.0217,-0.0938,-0.5676,0.017,-0.4824,-0.1394,-0.2053,0.0256,-0.2378,0.2098,-0.1951,-0.0843,-0.2299,0.2836,-0.045,-0.4276,-0.3668,-0.348,0.1837
DLGAP2,499325667,0.8297,0.7629,0.837,0.8505,-0.0606,0.4303,0.6484,0.9593,0.7688,0.779,0.7757,0.4258,0.674,0.8577,0.6945,0.4048,0.8217,0.59,0.8737,0.5981,0.8205,0.9693,0.2566,0.5326,0.3192,0.3177,0.85,0.3739,0.4673,0.8052,0.8966,0.5752,0.7758,0.8688,0.919,0.6008,0.9425,0.4955,0.6978,0.3651,0.139,0.7655,1.3115,1.0619,0.3442,0.8761,0.6072,-0.0495,0.4958,0.9849,0.7131,0.7836,0.6959,0.1613,0.462,0.79
OPRM1,499322792,0.7006,1.3183,0.2478,0.9253,0.3611,0.3702,0.9792,0.8784,0.4102,1.1014,0.5637,0.2283,1.0377,-0.1275,1.0689,0.7318,0.2837,0.9196,0.7311,1.1196,0.4343,1.2394,-0.0072,0.5828,1.4204,0.9032,0.484,1.3814,0.0804,1.1083,0.1998,0.7339,0.4235,0.7984,0.8091,0.571,0.9696,1.174,0.3902,0.0155,0.8081,0.8501,0.5956,0.4411,1.0884,0.4704,0.4693,1.0648,0.7184,0.7482,1.4206,0.0535,0.4384,0.4558,0.7635,0.875
CNTNAP2,499325421,1.2472,1.0116,0.834,0.8359,0.0022,1.1081,0.6188,1.1722,0.4364,1.0187,0.647,-0.0597,0.4943,1.0557,1.017,0.9356,0.8506,0.6656,0.8601,1.056,0.614,0.7301,0.9039,0.8224,0.2788,0.6581,1.0115,0.1508,0.2805,1.4078,1.0354,0.6529,0.9878,0.5643,0.9846,0.7544,0.4157,0.6326,1.1192,0.5867,0.2061,0.3001,0.9068,0.8962,0.7529,0.7805,1.1422,0.0096,1.3295,1.2159,0.7132,1.3024,0.9275,0.0235,0.4832,0.548
RTN4,499310141,1.3243,0.9047,0.3764,-0.2059,0.5026,1.3111,0.9845,0.6299,1.3478,0.3931,0.995,0.2829,0.8971,0.5103,0.86,0.8315,0.9363,0.7554,0.3865,0.9673,1.0816,0.7772,1.247,0.7764,0.6234,1.0123,0.6479,0.1691,0.045,2.0229,1.0662,0.7334,0.8224,-0.0786,0.2016,0.2291,-0.1834,1.5108,1.1817,-0.1799,-0.4306,-0.0331,0.2725,0.1275,1.0807,0.3434,2.7694,-0.3973,2.1933,0.2253,0.8686,1.9727,0.3283,0.0349,0.3853,1.1698
GABRE,499354400,-0.374,-1.0127,-0.2724,-0.2232,0.2252,0.6842,0.4376,0.9,0.449,-0.426,0.2989,1.7442,0.1946,-0.5589,-0.4132,-0.1166,-0.0684,-0.0212,0.085,0.5393,-0.5774,-1.0728,-0.0736,-0.5853,1.5643,-0.0223,-1.7876,0.6986,1.8614,0.3571,2.0354,-1.1328,-1.6099,-1.2802,0.2353,-0.4712,-0.7998,-0.3712,1.1578,1.186,1.105,-0.2753,-0.2896,-0.8357,-0.2376,0.0399,-0.346,0.735,1.559,-0.6284,0.5138,-0.8908,0.2617,0.8828,0.7771,0.0583
CHRNB2,499307542,0.7079,0.2221,0.7578,0.3794,-0.2069,0.3013,0.2735,0.1877,0.6963,0.6598,0.0112,0.5286,0.2364,0.4946,0.1319,0.2628,0.309,0.1352,0.7349,0.4716,-0.1708,0.6207,0.2513,0.5234,0.108,0.0943,0.4907,0.0344,-0.0772,0.3741,0.2922,0.5834,0.3208,0.8367,0.3406,0.3548,0.4261,0.2172,0.4669,-0.3201,-0.2538,-0.0226,0.9528,0.793,-0.3049,0.186,0.7182,-0.5425,0.6036,0.7827,0.4234,0.7174,0.2333,-0.1242,-0.0107,0.2301
