,,DONOR #,,,,,,,,,,,,,,,,,,,,,,,,,,,,,,,,,,,,,,,,,,,,,,,,,,
epilepsy genes,gene id,36,37,38,39,40,41,42,43,44,45,46,47,48,49,50,51,52,53,54,55,56,57,58,59,60,61,62,63,64,65,66,67,68,69,70,71,72,73,74,75,76,77,78,79,80,81,82,83,84,85,86
ARC,499327522,2.9044,0.1371,-0.1116,0.946,0.7956,0.4764,1.1005,0.846,1.328,0.6426,0.2822,0.5411,0.717,0.6291,0.4005,0.3463,1.2367,1.0425,0.7234,1.7897,0.7833,-0.5317,0.8401,0.5004,0.3052,2.5053,0.0067,0.3836,-0.8791,0,0,0,0,-0.3098,4.525,0,0,0.0213,1.9986,1.1785,-0.3187,0.8801,0.942,-0.0175,0.8936,0.5906,2.0923,0.2725,0.2779,-0.3475,0.9859
VIP,499322777,-0.3488,-1.002,0.3093,0.5176,2.7696,0.3229,0.65,0.3152,1.1314,0.5243,0.2249,0.8438,0.3876,-0.9977,0.0395,0.325,0.4844,0.8139,-0.0908,1.3601,0.6462,0.4429,0.9752,-0.1342,1.1938,0.0814,0.3154,0.3689,0.0457,1.1532,0.8582,-0.5813,0.5906,-0.445,0.4751,0.362,-0.4936,-0.092,-0.3754,0.3061,1.1276,-0.2568,1.1137,0.4793,0.7388,0.6979,0.9384,0.6274,0.0964,0.1391,-0.2981
GRIA1,499319908,0.9071,1.2269,1.2055,1.8242,2.0462,1.2384,1.4767,1.3254,1.5269,1.4519,1.5834,0.9709,1.157,1.1211,0.6846,1.1293,1.458,1.5857,1.5925,1.3514,1.5619,1.2465,1.6342,0.9151,1.3107,1.5769,1.548,1.3747,0.8269,1.2126,1.3108,0.7253,0.7964,1.4958,1.461,1.6491,1.5086,0.961,1.0814,1.4819,1.3253,1.3401,1.4829,1.5955,1.4688,1.25,1.9484,1.5656,1.1898,0.8568,0.7198
KCNQ2,499350684,0.263,0.6414,0.738,0.9733,0.7458,0.8315,0.9397,0.7309,1.0421,0.6747,0.7714,-0.092,0.3086,0.9012,0.7285,0.7376,1.2416,0.22,0.7997,0.973,0.2496,0.0641,0.6938,0.6055,0.9737,1.137,0.9353,0.6562,-0.1264,0.7179,0.7317,-0.046,0.1348,1.2694,1.1845,1.1065,0.2227,0.4696,0.9425,1.1452,0.2364,0.7803,0.6723,0.4562,0.9138,0.9562,1.0134,0.8029,0.7638,-0.0821,0.5489
HOMER1,499318917,1.1337,-0.4554,-0.6733,0.6534,0.7594,0.0031,0.0716,0.0144,0.5009,-0.102,0.2709,-0.3227,-0.4079,-0.0007,-0.5543,-0.491,0.7255,-0.0749,0.0643,0.3077,0.5381,-0.1139,0.5915,-0.177,-0.4747,1.002,0.0303,-0.3086,-1.0117,-0.3771,-0.253,-1.6153,-1.1638,0.3311,2.7632,-0.6034,-1.4103,-0.8107,-0.3784,0.6247,0.3169,0.0875,0.1321,-0.0373,-0.8197,-0.0528,1.6505,-0.0645,-0.8107,-0.8469,0.0709
KCNK9,499327481,0.4635,-0.9912,-2.4538,-0.4417,0.5808,-0.6089,-0.9342,-0.2526,0.2433,-0.7145,-2.164,-0.8682,-1.1152,-0.5742,-1.5541,-1.0881,-2.3935,-0.7405,-1.1203,-0.4077,0.2728,-1.4658,-0.16,-0.384,-0.7122,-0.6419,-0.8677,-1.0173,-1.8326,-0.5391,-0.3948,-3.1756,-1.3982,-2.7502,1.6993,-0.9679,-2.5092,-0.6171,-1.4213,-0.3354,-0.33,-1.3955,-0.6291,-1.3944,-1.0804,-0.2644,-0.3773,-0.9414,-0.6131,-1.5468,-0.6971
GRIK2,499322119,-0.0504,0.5563,0.7828,1.2546,0.7206,0.6017,0.4746,0.1318,0.6441,0.7433,0.9716,0.0529,0.1437,0.6207,0.8256,0.6034,0.7445,0.5716,0.362,0.8924,-0.103,0.2506,0.9719,-0.5977,0.6522,0.6613,1.3951,0.5522,-0.3313,0.9763,1.2016,-0.3125,0.3601,0.7705,0.3646,0.5228,0.9598,0.0341,0.2965,0.5893,1.3185,0.6531,0.6201,0.2037,0.3772,0.8342,1.0149,0.7131,0.0649,0.5483,0.1666
KCNV1,499327226,-0.5021,-1.1248,-0.7423,0.0275,-0.5956,-0.373,-0.5756,-0.7128,-0.7612,-0.5721,0.2855,-1.0803,-0.8113,-0.5789,-0.5456,-0.9435,-0.0411,-0.4346,-0.1539,-0.7212,-0.7223,-0.2914,-0.0747,-0.8278,-0.8519,0.1248,-0.4185,-0.4911,-1.4276,-0.4698,-0.4935,-0.8182,-1.2062,-0.1147,0.5597,-0.9469,-1.2066,-0.4298,-1.1655,-0.5217,-0.6976,-0.5091,-0.2785,-0.2166,-1.1981,-0.1326,-0.2187,-0.2842,-0.9431,-0.6208,-0.3727
SLC1A2,499332594,-0.4647,0.2761,0.3806,0.2579,0.3898,-0.5362,-0.1382,-0.4529,0.02,0.9078,0.2509,-0.2677,0.347,0.3467,0.3468,-0.3762,0.1009,0.2854,0.1724,0.2698,0.1178,0.3475,0.3677,0.2962,0.3518,-0.9464,0.4342,-0.0436,-0.1938,0.6343,-0.3326,-0.0282,0.3358,-0.2918,-0.2915,0.0379,0.2643,-0.9622,0.5846,0.8362,1.2262,-0.7872,-0.6261,0.1516,0.5464,0.3628,0.5314,0.3173,-0.2048,-0.5828,-0.8217
CHRNB2,499307542,0.361,0.6936,0.5643,0.9609,1.0091,0.7594,0.4261,0.3877,0.5456,0.7417,1.1169,-0.0017,0.7002,0.4462,0.8078,0.5377,0.7844,0.2015,1.2734,0.7691,0.6234,0.1769,0.8829,0.5963,0.4416,0.8462,1.0388,0.6119,-0.0921,1.0737,0.6642,-0.8687,-0.1753,1.5149,1.2095,0.5905,-0.4069,0.0684,0.3602,1.122,0.7582,0.8227,0.4945,0.2997,0.5474,1.0933,1.2239,0.8957,0.1713,-0.1568,0.3967
GRIA2,499317616,0.066,0.2211,0.3607,1.7513,1.9658,0.5425,0.9165,0.3771,0.8564,0.6018,1.3822,-0.0005,0.4242,0.6823,0.2043,0.4162,1.133,0.6749,1.0352,0.9036,0.7564,0.7935,1.2997,-0.2522,0.7517,1.2521,0.9537,0.5569,-0.1901,0.724,0.6408,-0.0285,-0.2815,1.1652,1.1411,1.0419,0.7357,0.192,-0.0721,0.6224,0.8986,0.7389,0.8531,1.3985,0.0628,1.3037,1.3625,1.0638,0.1565,0.417,0.0408
KCNQ3,499327431,0.5197,0.3381,0.0972,0.5089,0.3512,-0.0663,0.3536,-0.121,0.3122,0.2523,0.4787,-0.4807,-0.0825,0.1418,-0.3856,-0.3486,0.3248,0.9352,0.5326,0.3241,-0.1484,-0.0084,0.4822,-0.0706,-0.1232,0.1053,0.4307,0.4218,-0.5489,0.12,0.2569,-0.6793,-0.6054,0.3884,0.7694,0.1659,0.41,-0.6631,-0.4292,0.1389,0.2034,0.126,0.5917,0.6176,-0.0023,0.397,0.9838,0.6005,-0.611,-0.4962,-0.5899
GRIK1,499351035,-0.2285,1.2958,-0.1921,2.7997,1.4934,0.7673,0.7394,0.6252,1.8857,0.8033,-0.7985,0.4403,0.5591,0.5654,1.1993,1.5126,0.5466,0.5545,-0.7746,1.6447,0.6715,-0.334,1.6695,-0.2459,0.6594,0.3182,1.5752,0.1136,0.5619,2.1714,2.6878,-1.7431,0.6496,-0.8321,-0.2692,0.1599,0.7775,-0.9636,-1.0171,0.9015,1.5735,0.9731,1.4384,0.4233,0.8123,0.9981,1.1455,0.1436,-0.0068,0.0088,1.6539
ARHGEF9,499353348,0.1697,0.4968,0.4619,1.3606,1.6175,0.3576,0.8807,0.6586,0.7845,0.6484,1.3412,-0.0654,0.3847,0.5427,-0.0642,0.1151,1.0673,1.1864,1.0159,0.873,0.8251,0.5275,1.2328,-0.3171,0.3389,0.8929,1.0509,0.8724,0.1952,0.5058,0.5597,-0.2155,-0.4803,1.114,1.0588,1.1184,0.9008,0.0079,-0.0564,0.8287,0.6009,0.859,0.9145,1.0403,0.6077,0.8463,1.6088,0.9682,0.1851,0.1859,-0.2818
GRIA3,499354037,0.6222,0.3442,-0.3039,1.5707,1.936,0.5888,0.6842,0.8699,0.9673,0.6462,0.899,0.1485,0.1417,0.37,0.0302,0.4371,0.9843,0.4797,0.6656,0.6315,1.0394,0.4141,1.4869,-0.1083,0.273,0.8845,0.9053,0.6034,-0.1689,0.9108,0.7244,-0.5584,-0.2464,0.6463,0.9387,1.0996,0.4544,-0.1901,-0.2518,0.8467,1.0183,0.6073,0.8943,0.7937,0.4578,0.8274,1.3708,0.9965,0.3645,-0.0874,0.0404
SLC25A22,499331881,0.832,0.9639,0.9438,1.0365,0.6097,0.9162,0.6299,0.8846,0.8862,0.7223,1.5135,-0.4625,0.0924,1.3676,1.023,0.7864,1.6452,0.717,0.7777,0.5454,-0.2001,-0.1465,0.6936,0.8414,1.0256,1.2007,1.1943,0.628,0.066,0.8705,0.7688,-0.7349,-0.2294,1.5566,1.7095,1.0765,1.0067,-0.0156,0.6865,1.4095,0.2375,1.0676,1.0158,0.4434,0.9875,0.9192,0.8592,1.3806,0.909,0.0305,0.5355
GRM7,499313027,0.3884,0.888,0.8137,1.5345,1.0085,0.5635,0.9271,0.4795,0.7226,0.8589,1.4285,-0.0264,0.3189,0.4657,0.5753,0.5851,1.3178,0.815,0.9566,0.8645,0.1517,0.5214,0.8491,-0.1863,0.7766,1.1444,1.2417,0.6409,0.1845,0.4286,0.824,0.3229,-0.3576,1.4523,1.0091,0.9578,0.988,0.1983,0.4015,0.6826,0.6248,1.0019,0.6748,1.3593,0.4447,0.8452,1.432,1.0447,0.2846,0.575,0.0529
GABRB2,499320010,-0.5026,-0.3103,-1.2311,0.4524,0.8407,0.0207,-0.0886,-0.0756,0.1802,-0.2976,-0.8771,-0.5986,-0.3713,-0.1362,-0.6114,-0.4599,-0.1067,-0.2068,-0.1144,0.0433,0.1197,-0.1419,0.4667,-1.1267,-0.3865,0.2203,-0.1838,-0.3004,-0.7273,0.0051,0.0642,-0.5471,-0.3505,-0.5861,-0.1059,-0.0777,-0.4645,-0.4285,-0.7995,-0.2725,0.1015,-0.3494,0.0109,0.0226,-0.7513,0.2386,0.1722,-0.1309,-0.432,-0.5333,-0.2584
GABRG2,499320018,-0.0485,0.0643,-0.6329,0.6132,0.4131,-0.1369,0.1491,-0.1411,0.1784,-0.2479,0.0158,-0.5844,-0.1745,-0.1369,-0.4498,-0.4242,0.2263,0.1346,0.183,0.2804,-0.2565,-0.1687,0.258,-0.6441,-0.4536,0.408,0.1876,-0.3166,-0.3864,-0.399,-0.0415,-0.5817,-0.8151,-0.1525,0.9015,-0.0683,-0.1263,-0.6596,-0.5776,-0.241,0.0798,-0.1052,0.1289,0.313,-0.4208,0.0347,0.4266,0.1397,-0.4687,-0.3117,-0.2128
CNTNAP2,499325421,-1.089,-0.6733,-0.5058,0.4517,0.776,-0.196,-0.5951,-0.0121,-0.3448,-0.6141,0.2766,-0.8482,-0.8705,-0.6306,-1.1703,-0.5707,0.3402,-0.3869,-0.3762,-0.2578,-0.2179,-0.9437,0.4319,-0.5692,-0.6469,-0.2232,-0.1526,-0.4394,-1.4557,0.1656,-0.5945,-2.2914,-1.3575,-0.1361,-0.0852,0.0114,0.0004,-1.9066,-1.3112,0.0021,0.0418,-0.4068,-0.1931,0.1652,-0.6383,0.1528,0.4693,0.0292,-0.7785,-1.4297,-1.0352
GRM1,499322681,0.1736,1.4148,0.7694,1.5453,0.3332,0.8922,1.3711,0.4061,0.5551,0.8132,1.2766,-0.1505,0.4362,1.2091,0.748,0.6181,1.3835,1.1635,0.895,1.0163,-0.3696,1.1416,0.8345,-0.0351,0.5311,1.603,1.5514,0.6697,0.2077,-0.0791,1.2947,1.1991,0.2948,0.9646,0.9027,1.0004,1.1832,0.3838,0.4721,0.1769,0.3094,1.4319,1.2346,1.4575,0.6017,0.8044,1.1468,1.3082,0.4377,0.9905,0.4868
GRM2,499313791,-1.1029,-0.2025,0.5742,-0.9995,0.0398,0.0231,0.4207,-0.8887,-0.7206,0.5033,0.4607,-1.288,-0.3058,0.9122,1.5103,-0.3345,1.4484,-0.0628,-0.6582,-0.343,-2.0615,-0.4249,0.2521,-1.5305,-0.7803,-0.043,1.0768,0.1826,0.0788,-0.5223,1.3578,0.566,-0.6415,0.1732,-0.0676,-1.2395,-2.0308,-0.5161,0.9013,-1.0659,-0.4164,1.7944,-0.727,-2.0982,-0.2561,0.4846,0.0007,0.4625,-0.5163,0.0048,-0.3999
DLGAP2,499325667,-0.0609,-0.7956,-0.0029,0.1741,-0.0124,-0.1472,-0.1585,-0.3463,0.0281,0.0159,0.0554,-1.1695,-0.7118,0.032,-0.0833,-0.1682,-0.2285,-0.0322,0.0527,-0.3393,-0.8737,-0.4342,0.1383,-0.8359,-0.0911,-0.1334,0.2995,-0.1531,-0.8849,-0.2423,-0.0042,-0.7977,-0.2489,-0.0855,-0.3062,-0.1196,0.0375,-0.9455,-0.0612,0.2546,0.0051,-0.1119,-0.0914,-0.6467,-0.1581,-0.1247,0.1938,0.0549,-0.3323,-0.8057,-0.3605
CACNB1,499344919,0.8076,-0.0351,0.0561,0.6581,1.0789,0.5402,0.1559,0.2501,0.9209,0.1711,0.3356,-0.3257,0.0262,0.5746,0.3102,-0.2676,0.4622,0.3004,1.2244,-0.1684,0.5562,-0.4828,0.4028,0.3513,-0.1723,0.5518,0.6286,0.5707,-0.3054,0.3507,0.6084,-0.8553,-0.486,0.3882,1.2677,0.2388,0.3834,-0.8537,0.1383,0.8972,0.4954,0.6764,0.1679,0.1414,0.4246,0.4949,1.2299,0.7945,-0.2134,-0.9618,-0.218
CACNA1E,499308197,1.1812,0.5224,1.0915,1.3523,1.1232,1.0788,1.0819,0.9004,0.9844,1.0369,1.5186,0.4087,0.453,1.1572,0.8551,0.6025,1.6044,1.1516,1.1539,0.9971,0.875,1.043,1.3706,0.6473,0.7395,1.3989,1.3472,1.063,0.1639,0.9096,1.068,0.5479,0.0322,1.5448,1.4539,1.2645,0.8947,0.7946,0.9972,1.1221,0.7942,1.2717,1.0372,0.8468,0.7786,1.085,1.4627,1.332,0.6295,0.8556,0.7611
KCNJ3,499311676,-0.192,0.3187,-0.0297,1.6237,1.9378,0.671,0.9448,0.7906,1.0925,0.4287,0.6807,0.1137,0.1769,0.417,-0.2254,0.3196,1.0756,0.7419,0.7821,0.8632,0.829,0.8166,1.4178,-0.2472,0.4261,1.1843,0.8246,0.4116,-0.0945,0.6485,1.0243,0.4398,0.2178,0.4566,0.5021,1.1139,0.2042,0.6025,-0.0171,0.3481,0.4115,0.497,1.1214,1.1062,0.3215,0.7241,1.162,0.8743,0.4231,0.4798,0.3642
GABRA1,499320016,-0.4137,-0.2126,-1.4174,0.2552,0.7408,-0.0922,-0.1389,-0.1812,0.2224,-0.4289,-1.2083,-0.573,-0.3219,-0.2625,-0.6807,-0.5742,-0.2019,-0.206,-0.1605,0.1425,0.0167,-0.2537,0.4502,-0.9507,-0.6233,-0.0457,-0.2005,-0.4028,-0.6,-0.0289,0.0871,-0.6887,-0.3211,-0.6771,0.091,-0.3133,-0.8079,-0.7621,-1.1573,-0.2927,0.0889,-0.4498,-0.0671,-0.1229,-0.783,0.1018,0.0989,-0.1735,-0.5322,-0.61,-0.2288
GABBR2,499328961,0.0024,0.0339,-0.1607,0.3361,0.2094,-0.0342,0.1926,-0.1242,0.0206,-0.1485,0.2142,-0.778,-0.483,0.0317,-0.11,-0.4422,0.4444,0.0746,0.0433,-0.1313,-0.1326,-0.3207,0.1089,-0.4109,-0.2206,0.4406,0.2698,-0.1198,-0.868,0.0707,-0.0675,-0.8347,-0.9365,0.4708,0.5055,0.0061,-0.5012,-0.5901,-0.1653,0.1447,-0.046,-0.0264,-0.0688,-0.0713,-0.2736,0.1026,0.3907,0.1333,-0.6695,-0.258,-0.0919
ATP2A2,499336542,-0.264,0.3188,0.0414,1.2404,1.8529,0.3321,0.6509,0.3123,0.2909,0.0177,1.4276,-0.3489,0.0491,0.3862,-0.4701,-0.1263,1.8947,0.3772,0.5688,0.2842,0.7058,-0.0588,1.323,0.1167,-0.3264,1.3535,0.4718,-0.0862,-0.8295,0.6555,-0.0969,-1.8585,-1.8182,1.2311,1.7489,0.8199,-0.9458,-0.9139,-0.2619,0.9302,0.5392,0.3535,0.2837,0.6606,-0.2148,0.9936,1.6159,0.7648,-0.938,-0.4458,0.1487
GABBR1,499320988,-1.041,0.7148,1.0941,0.8389,0.5561,0.2,0.1158,-0.235,0.4862,0.2003,1.0187,-0.3882,0.7112,1.3701,0.6491,-0.4995,1.2329,0.4254,0.338,0.4273,1.0558,-0.2201,0.6094,0.7335,0.0413,0.5018,0.8666,0.3933,-0.1705,1.3894,0.57,-0.0801,-0.5176,0.7169,1.0065,0.45,-0.1207,-0.7074,0.0775,0.9833,1.2876,0.8674,-0.2939,0.272,0.6422,0.7885,1.2304,0.4967,-0.0706,-0.2277,0.0109
GRM4,499321302,0.1598,1.1632,-1.5335,-0.1208,-1.1609,0.1345,-0.2319,-1.1309,0.9595,-1.03,-1.6685,-0.8209,-1.7392,-0.1432,0.9664,0.9732,-1.22,-0.9231,-1.8131,-0.7674,-1.7822,-2.7957,-0.5427,-0.7387,-0.4903,-1.5619,1.0435,-0.8609,-1.2098,0.594,2.3302,-2.8184,-0.9544,-2.2959,0.9178,-1.1449,-1.7756,-0.7864,-2.0357,-0.4662,0.5943,-0.6199,-1.1189,-1.4983,-0.6297,0.1182,-0.4726,-0.6335,-1.5113,-1.5237,0.4077
NOS1,499336673,1.255,-1.1965,1.7744,0.5659,0.3544,0.3119,0.2905,0.3971,0.6083,0.612,1.6308,0.9388,0.3777,1.5598,1.2158,1.1401,1.9855,0.5579,0.2256,0.8198,0.5399,0.1034,0.3968,0.408,2.2095,1.6756,0.2353,0.9174,-0.6043,2.9681,0.05,-1.0163,0.4375,1.0091,0.1564,0.7498,0.3284,0.324,0.956,1.3558,0.9024,0.9211,0.8313,0.1319,-0.7268,1.9193,1.607,0.24,0.6554,0.5912,1.0323
CST3,499349897,-0.0497,1.6876,1.3347,1.0731,1.4205,-0.3385,0.8884,0.243,0.4249,1.4306,1.3523,0.5886,1.7689,1.0402,1.7707,0.0964,0.8341,1.2281,-0.2902,0.9971,0.4919,1.1821,0.3084,1.6924,1.6225,-0.9825,0.8599,-0.4506,1.6812,1.3093,-0.0911,1.5374,2.3684,-2.0908,0.0677,0.9247,0.5474,0.7875,1.8754,1.6116,1.8689,0.5361,-0.9506,0.4818,1.3915,1.0493,1.5095,1.2022,1.2237,-0.5437,-0.8763
KCNJ6,499351230,0.8873,1.1729,0.7068,1.6418,1.6038,1.0149,1.4021,1.1146,1.2489,1.1333,1.4418,0.3012,0.6541,0.8644,0.4262,0.6718,1.4762,1.504,1.3849,1.1,0.8639,1.0587,1.4357,0.4334,0.0564,1.7574,1.5574,1.0968,0.4264,-0.0248,1.1583,0.7285,-0.2977,1.6547,1.7499,1.2746,1.1286,0.4443,0.5705,0.8882,0.6541,1.4913,1.4739,1.4046,1.1332,0.621,1.7509,1.5631,0.5932,0.7681,0.6678
ATP6AP2,499352976,0.6523,0.3114,0.1877,1.336,2.0649,-0.1518,0.3712,0.369,0.3319,0.3394,1.4072,0.2914,0.5975,-0.5413,-0.1145,-0.1937,1.6063,0.4235,1.0326,-0.0095,0.6425,0.813,1.7,0.0532,0.3443,0.1362,0.0132,0.2557,-0.2947,0.8488,-0.1789,-1.0061,-0.5255,0.6816,1.8774,0.1461,-0.2912,0.4382,-0.8119,0.3284,0.5069,0.0699,-0.1942,1.9279,-1.0868,1.7425,1.6689,0.9664,-0.3818,-0.3425,-0.9654
MAPK10,499316848,-0.7626,-0.4247,-0.7983,0.559,1.6681,0.0122,0.1244,0.0138,0.0158,-0.1181,0.0681,-0.2388,-0.2657,-0.1253,-0.9766,-0.4748,0.4612,-0.2282,0.2449,-0.2105,0.379,0.2742,0.7081,-0.2932,-0.6385,0.4452,-0.2448,0.1302,-0.7997,-0.2058,-0.469,-1.1537,-0.6086,0.4299,0.3373,0.5384,-0.7717,-0.5023,-0.735,0.2356,0.1823,-0.2917,-0.1318,0.4867,-0.6394,0.5533,0.642,0.0537,-0.3283,-0.6249,-0.3197
SYN1,499353079,0.1408,0.2454,0.3736,0.6323,0.1716,0.3941,0.2668,0.2555,0.1012,0.1353,0.9707,-0.6054,-0.4067,0.4766,0.319,0.0236,1.2833,0.2312,0.391,-0.0116,-0.4424,-0.343,0.3536,0.3011,0.0985,0.6897,0.5392,0.184,-0.4839,0.5119,0.1943,-0.8027,-0.6279,0.9522,1.0966,0.2722,0.0887,-0.3548,0.2414,0.5982,0.0799,0.4734,0.3525,0.0771,0.3731,0.1923,0.4035,0.8251,-0.3617,-0.0078,0.2562
LGI1,499331165,0.613,1.1241,1.0306,1.9747,0.7134,0.1792,1.4442,0.2732,0.0424,1.2419,1.8192,0.1568,0.846,0.5719,0.5494,0.0534,1.4796,1.5484,1.037,0.9394,0.2681,1.5858,1.0313,0.0148,0.2881,1.0012,1.4472,1.0698,0.4864,-0.402,-0.0723,1.0491,0.2987,1.7307,2.0366,0.6046,0.6686,0.442,-0.1984,0.745,0.8287,1.1205,1.1244,1.733,0.7836,0.9365,1.5593,0.8308,0.7295,0.1034,0.4463
LGI2,499316139,-1.0597,0.3283,-1.1438,-0.8233,-0.2186,-0.5612,-1.6498,-0.7783,-0.4412,-1.5588,-0.5585,-0.1849,-0.8965,-1.3076,-1.1997,-0.4465,-0.0427,-0.1711,-1.0979,0.27,-1.323,-1.0244,-0.7953,-0.6397,-0.1964,-1.2266,-1.2149,-1.2699,0.0193,0.0124,-0.2002,-1.5156,-1.3442,-1.4156,-0.4801,-0.6476,-0.3276,-0.6474,-1.274,-0.9806,-0.77,-0.5762,0.167,-1.1499,-0.0866,-0.716,-0.668,-1.1095,-1.6443,-0.541,-0.5286
GRM3,499324363,-0.9057,-0.3394,-0.8299,-0.5626,0.0703,-0.6127,-0.1694,-1.277,-0.7848,-1.4403,-1.3388,-0.3333,-0.1927,-0.2882,0.3717,0.4397,-2.6696,-1.4912,-0.7225,-0.5756,-0.5208,-0.9159,-0.6575,-0.7798,-0.5035,-1.6638,-0.5594,-0.7557,-0.1981,0.6265,-0.2911,-0.5072,-0.5934,-2.4066,-2.1363,-0.0753,-2.5087,-0.8515,-2.1943,-0.3004,-0.042,-0.2727,-1.3753,-0.3174,-0.813,0.2709,-0.5169,-1.3955,-1.1502,-1.3289,-0.3583
RTN4,499310141,-0.0365,-1.2827,-1.9899,0.3174,0.4157,-1.2276,-0.7605,-1.688,-1.5292,-1.5621,0.577,-1.0567,-0.4433,-0.9742,-0.736,-1.1019,-0.0308,-0.8359,-0.6406,-0.7296,-0.7945,-0.5864,-0.0428,-1.4793,-1.1595,-0.583,-1.0702,-0.9482,-1.231,-0.2307,-0.9074,-1.8379,-2.0495,-0.5396,0.3728,-1.1286,-1.7549,-2.2093,-1.1922,-1.0944,-0.6013,-0.2853,-0.9296,0.0718,-2.5475,0.4824,0.0825,-0.7453,-2.0566,-1.4376,-0.8975
CLIC5,499321578,0.0391,-0.8893,0.6391,-0.4344,-1.6892,0.0279,0.7775,-2.183,-0.3161,-1.1528,-0.7807,-2.4288,2.2034,1.0604,0.6453,-0.1429,-1.2549,-1.4615,-0.0033,0.3959,1.2772,0.0361,1.3205,-0.5522,0.7823,0.1427,-1.4726,-0.9309,-0.6482,0.7962,0.2511,-0.8852,-0.2425,-0.2066,0.2,0.3313,-1.7793,-0.0135,-0.7113,-0.8275,1.8195,0.2093,-0.7639,-0.0301,0.016,1.4304,0.014,-2.1563,0.6068,-1.5251,-0.0467
SCN1A,499311808,-0.9931,-0.1997,-0.7932,0.1058,-0.2923,-0.5521,-0.389,-0.4819,-0.2865,-0.5495,-0.0657,-0.7555,-0.5429,-0.5956,-0.4229,-0.5144,-0.1936,-0.5452,-0.6437,-0.262,-0.5856,-0.2519,-0.1054,-1.0804,-0.5004,-0.5876,-0.0672,-0.4132,-0.6118,-0.4964,-0.0724,-0.7349,-0.9058,-0.2439,-0.499,-0.2758,-0.4363,-1.0952,-1.3867,-0.6509,-0.3645,-0.5254,0.0328,-0.0208,-0.777,-0.443,-0.4021,-0.4051,-0.6803,-0.3676,-0.1443
GABRB3,499340551,0.5174,0.13,0.4746,1.0877,1.4392,0.6949,0.8514,0.4521,0.8062,0.459,1.1562,-0.0327,0.2798,0.4656,0.0972,-0.0291,1.317,0.9049,0.9074,0.5188,0.7094,0.7922,1.0305,0.4087,-0.0475,1.3564,0.7253,0.6835,-0.2925,0.4265,0.6292,0.1693,-0.2856,1.2352,1.2626,0.6401,0.2895,0.4073,0.2381,0.6782,0.5107,0.6441,0.7977,0.8664,0.2429,0.7719,1.1621,1.0174,-0.0102,0.429,0.5225
ABAT,499342332,-1.6296,0.197,-0.7571,0.3593,0.1874,-0.7089,-0.9737,-0.6138,-0.8573,-0.0605,-0.3325,-0.5579,0.4925,-0.7918,-0.3929,-0.6881,-0.2847,-0.5799,-0.5136,0.0057,0.2322,-0.594,-0.1563,0.3247,-0.3319,-1.0542,-0.5628,-0.6488,-0.8282,0.5598,-0.4431,-0.7553,-0.0111,-0.7998,-1.6344,-0.376,-1.4305,-1.0751,-0.9096,-0.3764,0.203,-0.4881,-0.6863,-0.2229,-0.3785,0.3199,0.3294,-0.8237,-1.1958,-1.3013,-0.3777
CACNA1I,499352301,-0.0314,0.7583,0.8942,0.8107,0.58,0.9091,0.9952,0.6843,0.9026,0.5438,1.1548,-0.3895,-0.4503,0.928,0.7336,0.4362,1.1575,0.7067,0.6206,0.6784,-0.1537,0.9479,0.555,0.0035,0.6355,1.4872,1.5704,0.3495,-0.1301,0.1056,1.0376,0.6309,0.2748,1.782,0.6215,0.8131,0.3882,0.3806,0.9509,0.7793,0.3626,0.9742,0.7571,0.3532,0.7838,0.2112,0.5538,1.2496,0.3602,0.7569,0.951
ATP1A2,499307767,-3.3374,1.7761,1.192,0.196,0.0179,-0.1716,-0.1584,-0.5452,0.4275,0.074,0.8929,1.467,1.1177,0.4207,0.9104,-0.5265,0.3364,-0.0069,0.0867,0.2246,0.8307,1.7224,-0.0078,1.3984,-0.2048,-0.4899,1.2259,-0.395,0.7157,0.0148,0.164,1.7895,1.8931,-0.5568,-0.7473,0.4728,0.2248,0.2147,0.7616,0.6286,1.4775,-0.0843,-0.0791,0.1329,0.693,0.5982,0.174,0.6852,0.8546,0.1893,-0.7361
GABRE,499354400,-1.227,-0.0695,-0.9804,-0.4257,-0.8408,-0.1764,-0.8411,-0.2302,-0.1578,-0.348,-1.0128,-0.1881,-1.3031,-1.0228,-1.3517,-0.1592,1.5451,-0.655,-1.3868,-1.0906,-1.7553,-0.7385,-1.3507,-0.5346,0.5854,0.1325,-0.992,-1.5386,-1.5431,-0.2935,-0.7264,-0.8014,-1.9266,-1.2234,-0.5999,0.8427,0.47,0.0855,-0.4231,-1.2153,-0.9291,-1.5005,-0.514,0.2678,-0.7519,-1.0558,-1.1754,-1.3903,0.0317,0.0919,-0.6177
KCNA1,499334723,-0.1886,0.2892,0.6366,0.7745,0.4396,0.2949,0.3995,0.3106,0.1691,0.1268,1.6982,-0.6227,-0.354,0.0836,-0.3087,-0.1043,1.5112,0.6387,0.6957,0.2299,-0.1182,0.274,0.7621,0.0903,-0.7595,0.751,0.869,0.5836,-0.2353,-1.016,-0.0768,-0.4573,-1.0136,1.5587,1.0923,0.3576,0.6617,-0.1379,-0.153,0.5721,-0.1108,0.5797,0.7586,0.5059,0.4205,-0.3187,1.0707,0.861,-0.1496,0.0492,0.2689
DCX,499353886,-1.5504,-1.4757,-0.7544,-0.8166,-1.3125,-0.8224,-1.3568,-1.0009,-1.7125,-1.313,-0.2103,-1.0545,-1.0302,-0.8015,-0.4425,-0.9596,-0.8402,-1.2963,-1.5613,-0.8448,-0.7709,-1.2985,-0.5903,-1.331,-0.1397,-2.1478,-0.9913,-0.5311,-1.6128,0.4265,-0.9895,-1.9234,-0.9612,-1.1789,-1.3728,-0.7901,-1.2719,-1.947,-1.6024,-0.5997,0.1965,-1.3278,-0.9083,-1.2962,-1.6321,-0.2533,-1.06,-1.2908,-1.5212,-1.1554,-0.3008
OPRM1,499322792,-2.035,-0.5237,-1.63,-1.1444,-1.9085,-1.277,-1.531,-1.3182,-1.4608,-1.4447,-0.8912,-1.4793,-1.6789,-0.7478,-1.3584,-1.0415,-0.7869,-1.1429,-1.5025,-1.1818,-1.5944,-1.3727,-1.3559,-1.306,-1.7152,-1.489,-1.1151,-0.7314,-1.3701,-1.1918,-1.635,-1.9368,-0.8385,-0.6832,-1.3838,-1.4468,-1.068,-1.9227,-1.6623,-1.1531,-0.9266,-1.227,-0.8906,-1.0264,-1.4655,-1.3188,-1.2786,-1.0943,-1.3899,-1.3463,-1.0675
LGI3,499326069,-1.2877,-1.1885,-1.5042,-1.0124,-1.4719,-0.7134,-1.5073,-1.7744,-1.764,-1.8211,-1.7483,-1.2217,-1.0978,-1.0834,-0.3142,-0.5844,-1.9444,-2.043,-1.5471,-1.6244,-1.5214,-2.8591,-0.8873,-1.1568,-1.7837,-1.9476,-1.9731,-1.4506,-0.9095,-0.1355,-0.7728,-2.2098,-1.0309,-2.6835,-2.1583,-1.5368,-2.6916,-1.2276,-1.9812,-1.0528,-1.3258,-1.7393,-1.5798,-1.496,-1.581,-0.8364,-1.5083,-1.5168,-1.6114,-2.2347,-0.836
TSC1,499329555,-0.823,-0.3757,-1.9075,-0.8353,-0.3613,-1.1876,-1.4633,-0.6559,-1.7323,-1.6662,-0.5055,-0.7285,-0.3857,-0.4779,-0.3572,-1.5684,-1.0842,-1.342,-1.1323,-1.1692,-0.2889,-1.1389,-0.2782,-0.9869,-1.5134,-0.6721,-0.4503,-1.451,-1.5001,-0.3247,-1.3006,-0.8783,-1.0051,-0.4403,-1.0067,-1.6984,-2.4036,-1.9915,-2.3845,-0.7791,-0.4193,-0.9081,0.2163,-1.1656,-1.3099,-0.1211,-1.2082,-0.726,-1.9202,-1.7837,0.1055
SCN1B,499348225,-1.1401,-0.2322,-1.264,-0.3129,-0.9912,-1.0906,-0.8639,-0.9204,-0.5249,-1.0195,-0.2172,-1.4402,-1.185,-0.7917,-0.617,-0.8684,-0.4208,-0.7311,-1.0298,-0.4894,-1.2924,-1.3546,-0.488,-0.6255,-1.3487,-0.5921,-0.6506,-1.2027,-1.1183,-1.1439,-0.339,-1.2265,-1.6755,-0.2447,-0.4296,-0.7946,-0.6419,-0.8348,-1.5052,-0.899,-1.4282,-0.6627,-0.854,-0.1672,-1.2634,-0.6766,-0.7108,-0.4234,-1.0685,-1.2148,-0.6418
TSC2,499342156,-1.3344,-0.2843,-0.2292,-0.1354,-0.413,0.1347,-1.7801,-0.7578,0.1773,-0.8662,-1.1255,-1.5307,-0.614,0.0689,1.5252,-0.1287,-0.6467,-1.7806,-0.9523,-1.6954,-0.7174,-2.1744,-0.3199,-0.2122,-1.1588,-0.7911,-1.5704,-0.1592,0.218,0.6468,0.2843,-1.5901,0.9982,-0.9935,-0.6143,-0.0046,-2.4674,-0.9201,-1.5735,-0.2469,-0.5102,0.2351,-0.2263,-1.4792,-0.1943,-0.6662,-0.4654,0.3459,-0.5063,-2.1108,-0.4497
