LRRC1,499321699,2.7698,-0.6779,2.5381,0.1752,0.1892,1.4703,0.4308,1.7264,1.0419,1.2942,1.4302,2.5027,-0.1808,2.1279,-0.1487,0.5151,2.2627,0.3791,1.4327,2.2071,1.9633,2.5508,-0.6869,1.2838,1.4863,2.5067,1.1318,2.0127,-0.542,0.7207,2.0024,2.3044,0.2381,1.1294,1.4744,1.2597,1.9266,2.0653,1.0597,1.098,0.3986,1.6638,1.1578,0.3917,-0.3622,3.106,1.4472,0.9998,0.4477,2.0444,-0.9485,2.5022,1.8292,0.9866,2.0919,0.0385,-1.9384,2.8439,1.7157,2.2766,1.0466,1.0756,1.8951,1.1009,1.3291,0.6962,0.9473,1.8766,2.7232,-0.5598,2.416,1.2137,2.6808,2.0788,0.4553,1.4729,1.1615,0.8595,-0.7309,0.9277,0.0868,1.5439,1.6185,2.8249,0.5267
NOS1,499336673,0.1091,1.3984,-1.7886,1.4421,-0.3331,1.5582,-0.9922,1.032,-0.3693,-0.5331,2.6064,-0.756,0.5941,1.5422,0.7404,-0.3744,-0.1885,0.5815,3.7326,0.0018,-0.9609,0.2212,0.9915,0.2903,0.0902,2.2092,0.2794,0.7822,0.8152,-2.6637,-0.8493,0.513,1.3718,-0.0512,-1.6226,3.3879,-1.2865,1.6607,0.8278,1.3699,-0.4139,2.2227,0.6165,0.0951,1.0445,-1.5466,1.8871,-1.0524,0.7256,0.1454,-0.3555,-1.3468,2.4025,0.07,1.8299,0.4329,-0.0399,-1.0823,-0.0661,0.0762,3.3051,0.3244,0.7663,-0.1857,-1.2801,-1.1491,0.4563,1.0589,-0.4843,0.7977,2.5818,-0.4241,0.2083,0.424,-0.7275,-0.3599,0.3742,0.965,1.1033,1.0082,0.7796,0.2786,1.2785,0.4529,-0.8879
ARHGEF10,499325679,2.4473,0.1174,2.2684,0.6653,0.3628,1.0217,0.4253,1.3376,1.3511,1.7726,1.1486,2.233,-0.0845,1.5387,0.1873,0.0066,2.2157,0.6849,2.4452,1.5129,1.2719,2.0882,-0.5892,0.3538,1.7811,1.9218,1.2182,2.2621,1.1058,-0.3538,1.4522,2.0428,0.2973,0.8027,2.3971,1.6722,1.7034,1.3964,0.6153,0.6573,0.4409,1.3625,0.7037,-0.3218,-0.1298,2.9417,1.882,1.1914,0.6931,2.2129,-0.3784,1.8448,1.7637,0.2619,1.534,0.6023,-2.1132,2.393,2.6808,0.3901,2.6984,0.5034,0.9268,0.6948,1.4472,0.5521,0.7494,1.4166,2.299,0.5937,1.4589,3.6686,2.4122,1.7023,0.0023,0.5472,1.1602,0.0392,-0.8494,0.8915,0.5275,1.1568,1.2818,2.7318,0.5255
LGI3,499326069,1.6349,0.5795,1.6079,0.1662,0.0776,1.1015,0.784,1.0546,1.3276,0.8897,0.8543,2.1309,-0.9235,0.4531,0.3426,0.6235,1.1213,1.0329,0.7651,0.6778,1.792,1.3095,0.6452,0.9885,0.865,1.5918,1.2302,1.2833,0.5045,0.4386,0.5088,1.1425,0.9778,0.8368,1.0793,0.4921,1.4815,0.4229,1.3223,0.9065,0.7653,1.1903,0.894,0.8763,0.4363,0.9346,0.3902,0.832,1.8053,0.5125,0.1903,1.7171,1.1975,0.0987,0.7999,1.2173,0.0874,1.4525,1.0375,0.7392,0.901,0.4238,1.3907,0.885,1.2119,-0.0639,0.3423,0.4824,1.851,0.7211,1.2961,1.6279,1.8748,1.079,0.2192,0.6038,0.8359,0.4069,0.2843,1.3682,0.6168,1.3238,1.0894,0.6234,0.4435
CLN8,499325674,2.6939,0.4008,2.1474,-0.3893,0.5835,1.3126,0.6114,1.9258,1.8621,1.3516,1.4369,2.0857,-1.4756,1.3916,0.084,0.5548,1.7245,0.7992,1.6487,1.1556,2.6301,2.1633,0.0719,0.6593,1.7214,2.0494,1.4048,2.1212,0.5412,0.153,1.4958,1.389,0.2971,0.5183,1.2024,1.9792,3.0056,0.8458,1.2429,0.6393,0.753,1.2686,0.9745,-0.2363,0.2056,3.2559,2.0411,0.156,1.131,1.9076,-0.5372,1.9833,1.5268,0.8963,1.7459,0.8603,-1.7024,2.1316,2.4583,0.3947,2.3404,0.7775,1.748,0.8238,1.6094,-0.3393,0.373,1.4462,3.0293,0.5883,2.1568,5.0737,1.6854,1.3915,-1.3407,0.2178,0.3894,-0.7323,-3.8003,0.7358,0.1825,1.5938,1.3466,2.7437,0.4916
CLCN2,499315462,1.8539,-0.3071,2.7802,0.478,0.5753,1.1156,0.8099,1.4916,0.9459,1.3081,1.4052,2.6614,-0.6064,0.959,0.1361,-0.2573,1.5334,1.7328,1.7697,1.3417,1.2346,2.4047,-0.7597,1.0158,0.9417,2.8594,0.5513,2.276,-0.0175,0.5114,1.9451,1.928,-0.1116,0.6359,1.1801,1.4526,2.1191,1.4232,1.256,1.1593,1.2807,0.9492,1.2314,0.4836,-0.4909,2.6529,1.8125,0.7989,1.4299,4.0656,-1.9404,1.2279,0.3076,-0.1481,2.094,-1.5749,-0.8996,2.9295,1.7205,1.9624,1.9826,0.3454,1.1194,1.3815,2.1589,-0.1531,-0.0957,1.3111,3.0806,-0.6367,1.9023,3.1071,2.5478,0.7247,0.3415,0.5166,1.7428,-0.2105,-0.9348,0.8299,0.4434,1.7956,1.5079,1.436,1.0847
GRM3,499324363,3.0113,0.7648,1.2994,-0.1762,0.5008,1.5329,-0.0564,1.2413,0.6945,1.7644,2.2259,1.8606,0.6094,1.6372,-0.0028,0.3676,1.9766,0.7963,1.5944,2.0867,2.2394,1.9391,-0.5569,1.515,0.8077,1.6299,1.3036,3.4,0.5514,0.7621,0.2242,1.0824,1.2391,1.2806,1.9222,0.3699,2.4162,1.1056,1.3006,0.6097,1.0361,1.7102,1.1938,0.7235,0.6634,2.0729,1.4347,0.9028,2.3941,1.7661,-0.4073,2.5528,1.8702,0.841,0.4504,0.6816,-0.1034,1.637,1.3175,1.5875,1.4428,1.3882,1.9769,1.5697,1.5603,-0.1407,0.3791,0.6378,2.9251,-1.9095,1.8999,-0.1129,2.3783,2.6607,-0.4468,1.7277,3.4441,-0.5698,-3.2979,1.4832,0.0143,1.6671,1.5777,2.3685,0.1981
GABRE,499354400,1.8439,-0.1978,-0.1285,1.1627,0.2404,0.29,-1.1155,1.4824,1.2325,0.1883,-0.4995,0.871,0.0998,1.6916,0.2863,0.1779,0.1767,1.487,0.6654,0.4677,1.7088,0.5457,1.3848,-1.1554,-0.2404,3.7257,-1.0498,-1.9915,-2.248,0.302,1.1448,0.2671,0.2041,0.7066,0.819,0.4882,1.1318,1.1387,0.3846,0.3329,-0.5667,1.555,0.972,-0.2814,-0.4239,1.1109,1.982,0.598,0.3776,1.2474,-0.2295,0.025,0.0667,-0.0579,1.0301,0.6288,-2.2833,-1.4562,2.4245,-1.6913,4.4428,-0.3135,-2.2027,-2.3767,0.2262,-0.3792,0.4274,0.6989,1.3062,1.5118,1.265,0.198,-0.0505,-0.2256,0.3251,0.2691,-0.3528,0.9705,2.4311,-0.8256,0.4665,0.0486,0.0791,2.2502,0.8441
ATP10A,499340541,0.1505,-0.637,0.3122,1.9937,0.2511,-3.9755,-0.3226,1.5426,0.917,-0.8046,-0.9778,-0.0709,-0.8842,0.0867,-0.2878,-0.1361,-0.2074,0.054,1.8419,0.073,-1.4893,-0.5145,0.0357,0.0712,1.6752,-2.8045,0.66,0.0762,-0.0137,0.7026,-0.4799,-0.833,0.4516,-0.5103,0.4748,0.2561,-1.0369,0.3782,-0.0237,-1.44,-0.0196,-1.4562,0.8255,1.3987,-0.6443,-1.9391,1.8415,-0.0128,0.8219,-2.9424,-0.5037,0.7632,0.4012,0.5737,0.4091,-0.0985,0.5869,1.3587,0.2641,-0.0029,-1.4672,-0.3817,-0.3089,-0.2932,0.6884,0.2027,-0.6894,0.5992,-0.996,-0.4654,0.4226,-0.326,-1.977,1.3444,-0.6032,0.2466,-0.4621,0.0607,0.6755,1.6289,0.1222,-2.2787,1.0592,-1.7587,0.0107
RTN4,499310141,-0.1564,1.1215,-1.0845,0.4065,-0.2381,0.2879,-0.8108,0.12,-0.7502,-0.7032,0.1119,-1.7845,2.1021,1.3291,-0.0587,0.493,-0.1167,0.478,0.4433,-0.8562,0.2581,0.346,0.6841,-0.6071,-0.1098,1.2789,-0.5949,1.4389,-0.0463,-0.8307,-0.0226,-0.3334,1.6217,-0.6843,-0.3834,1.0443,-0.3717,-0.8743,0.9787,0.4652,-0.8207,0.2395,-0.1566,-0.5391,0.6412,0.2208,0.9094,-0.7579,0.9036,0.3289,0.9271,-1.8253,0.8932,-0.5844,-1.0975,1.1175,0.2653,-1.1136,-0.0727,0.2372,0.4937,0.2598,-0.56,-0.0237,0.2562,-0.6912,-0.3804,-0.3903,0.3904,-0.6782,-2.3843,-0.1981,1.1456,0.5164,-0.2694,-0.5359,0.5835,0.9349,1.3249,0.4271,-0.2682,-0.2702,-0.2708,0.3206,0.6008
LGI2,499316139,-0.4841,-0.3565,-1.7033,0.9001,-0.2012,-1.4565,-0.2218,0.7869,-0.0738,-0.9124,-2.3885,-3.1699,0.6951,-0.034,1.6831,-0.0125,-2.4442,0.5397,-0.5492,0,-2.0996,0.3988,1.0366,-0.8354,-1.0977,-1.0084,-1.2706,-0.5151,-0.642,-0.9262,0.2066,-1.0903,0.5434,-1.0945,0.1693,-0.324,-0.7011,-0.7487,-0.2439,0.8342,-0.731,-0.8521,-1.0333,-0.4727,0.3778,-2.1559,0.0614,-0.2905,-0.861,0.0279,0.5511,-1.2184,-0.4441,-0.8687,-1.2913,-0.1307,0.2454,-1.8183,-0.7956,-1.2619,1.1037,-0.1145,-1.7249,-0.5448,0.0056,-0.2573,-0.3226,-0.1901,-1.7144,0.1934,-0.6511,0.1639,-0.3938,-1.1056,-0.4517,-0.2471,-1.9883,-0.1167,0.265,-0.3578,1.3269,-0.9403,-1.2484,-1.318,-0.8934
AR,499353392,0.9125,-1.4222,2.0837,0.6044,0.2947,-0.2515,0.0874,1.5509,-1.6214,0.1243,0.5504,2.4291,-0.6855,0.386,2.073,-0.5141,1.3446,-0.5223,2.0725,0.2932,-0.6485,-0.9316,0.0296,2.1035,0.2767,-0.5351,0.0256,1.9536,-0.8833,-0.619,0.26,0.8298,-1.1487,-0.7043,1.5737,-1.8441,1.858,2.7364,-0.0267,0.8733,-0.3713,0.4556,0.9509,0.3703,-1.0537,0.669,0.4952,1.1587,-0.3428,2.9809,-0.5818,-0.9925,-0.6702,-0.284,1.6352,-1.1302,-0.3874,2.7572,0.4374,0.3528,-1.7906,0.5676,1.2358,0.9717,0.1984,0.7377,1.3863,1.4994,0.2771,-0.2801,1.9076,-0.1365,1.1005,-0.3693,0.853,-0.1404,0.5943,0.8324,-1.4259,-0.3514,-0.4742,-0.0998,0.7488,1.2536,1.4038
CSTB,499351359,1.2534,-0.6138,-0.1268,0.5891,0.4031,-1.0705,0.5384,0.8331,0.5223,-0.1311,-0.8004,0.1333,-0.8201,0.4639,1.8613,0.5798,-0.8517,1.8223,0.8817,-1.1131,-1.3195,-0.5341,-0.5414,-1.0376,0.2791,2.1983,-1.2291,0.5492,-0.9639,-2.5344,1.478,0.4727,-0.8006,-1.346,1.1978,1.2365,2.2678,-0.2604,-0.5068,-0.1348,0.5907,0.4896,-0.2942,-1.8739,-0.8213,0.7096,0.6022,1.4062,-0.7243,1.6058,0.6319,-0.0974,0.1572,-0.6443,1.5874,0.6998,-1.1084,0.3771,1.0379,-0.1483,-0.8114,1.2974,-0.6392,-0.0767,0.0587,-0.5002,-0.4665,0.2172,0.6193,0.1233,0.1862,1.0266,0.3286,-0.7155,1.129,0.112,-0.0219,-0.6979,-0.1031,-1.6699,1.1037,-1.2758,0.5098,0.6569,0.8624
