Target uniprot,Name,Small molecule,Description,IUPAC name,Affected organism
P00367; P39086; P42261; P48507; Q04609; Q05329; Q99259; O95954; P42262; P42263; P48058; P54886; Q13002; Q13003; Q13255; Q14833; Q16099; Q16478; Q14831; O00222; O00341; O14841; O15067; O15382; O15399; O43424; O60391; O75879; O94925; P00505; P07814; P08243; P15104; P17174; P17735; P24298; P38435; P43003; P43004; P43005; P48506; P48664; P49448; P49915; P54687; P80404; Q05586; Q05932; Q07075; Q12879; Q13224; Q14957; Q2TU84; Q5JPH6; Q5TDP6; Q6IA69; Q6YP21; Q8N159; Q8N5Z0; Q8TCU5; Q8TD30; Q9H1K4; Q9H936; Q9UDR5; Q9UI32; Q9ULA0; Q9ULK0; Q9UPY5; Q9Y646; Q9Y617; Q8TF71; P53985,Glutamic acid,true,A peptide that is a homopolymer of glutamic acid.,(2S)-2-aminopentanedioic acid,Humans and other mammals
P43681; P36544; P42262; Q13002; P14867; P47869; P34903; P48169; P31644; Q16445; P18505; P47870; P28472; O14764; P78334; Q8N1C3; P18507; Q99928; O00591; Q9UN88,Butabarbital,true,"Butabarbital (trade name Butisol) is a barbiturate with a particularly fast onset of effects and short duration of action compared to other barbiturates. This makes butabarbital a useful drug for certain applications such as treating severe insomnia and relieving anxiety before surgical procedures. However, like other barbiturate drugs, butabarbital is associated with profound CNS depressant effects, especially when combined with alcohol, as well as the risk of drug misuse and dependence. While its clinical use is typically limited, it is still prescribed in some Eastern European and South American countries. Its short duration of action gives butabarbital a high abuse potential, comparable to [secobarbital].","5-(butan-2-yl)-5-ethyl-1,3-diazinane-2,4,6-trione",Humans and other mammals
P14867; P47869; P34903; P48169; P31644; Q16445; P43681; P36544; P42262; Q13002; P14867; P47869; P34903; P48169; P31644; Q16445; P18505; P47870; P28472; O14764; P78334; Q8N1C3; P18507; Q99928; O00591; Q9UN88,Metharbital,true,"Metharbital is a barbiturate anticonvulsant, similar to phenobarbital, marketed as Gemonil by Abbott Laboratories. It was patented in 1905 by Emil Fischer of Merck.","5,5-diethyl-1-methyl-1,3-diazinane-2,4,6-trione",Humans and other mammals
P24046; P14867; P23416; O75311; P04798; P15104; P23415,Picrotoxin,true,"A noncompetitive antagonist at GABA-A receptors and thus a convulsant. Picrotoxin blocks the gamma-aminobutyric acid-activated chloride ionophore. Although it is most often used as a research tool, it has been used as a CNS stimulant and an antidote in poisoning by CNS depressants, especially the barbiturates. [PubChem]","(1R,3R,5S,8S,13R,14S)-1-hydroxy-14-(2-hydroxypropan-2-yl)-13-methyl-4,7,10-trioxapentacyclo[6.4.1.1⁹,¹².0³,⁵.0⁵,¹³]tetradecane-6,11-dione; (1R,5S,8S,13R,14R)-1-hydroxy-13-methyl-14-(prop-1-en-2-yl)-4,7,10-trioxapentacyclo[6.4.1.1⁹,¹².0³,⁵.0⁵,¹³]tetradecane-6,11-dione",Humans and other mammals
P14867; Q9UBS5,Progabide,true,"Progabide is an analog and prodrug of gamma-aminobutyric acid. It is commonly used in the treatment of epilepsy. It has agonistic activity for both the GABAA and GABAB receptors. In clinical trials, progabide has been investigated for Parkinson's disease, schizophrenia, clinical depression and anxiety disorder; its therapeutic effectiveness in these conditions is not fully elucidated.",4-[(Z)-[(4-chlorophenyl)(5-fluoro-2-hydroxyphenyl)methylidene]amino]butanamide,Humans and other mammals
P14867; P48169; Q16445; P43681; P36544; P42262; P47869; P34903; P31644; Q13002,Amobarbital,true,"A barbiturate with hypnotic and sedative properties (but not antianxiety). Adverse effects are mainly a consequence of dose-related CNS depression and the risk of dependence with continued use is high. (From Martindale, The Extra Pharmacopoeia, 30th ed, p565)","5-ethyl-5-(3-methylbutyl)-1,3-diazinane-2,4,6-trione",""
P14867; P47869; P34903; P48169; P31644; Q16445; P43681; P36544; P42262; Q13002; P08684,Aprobarbital,true,"Aprobarbital is a barbiturate derivative synthesized in the 1920s by Ernst Preiswerk. It was determined that the substance was capable of demonstrating sedative, hypnotic, and anticonvulsant effects. A primary treatment indicated for the use of aprobarbital was subsequently insomnia. Aprobarbital was never as widely used as more common barbiturate derivatives such as phenobarbital and is now rarely prescribed.","5-(prop-2-en-1-yl)-5-(propan-2-yl)-1,3-diazinane-2,4,6-trione",""
P14867; P47869; P34903; P48169; P31644; Q16445; P43681; P36544; P42262; Q13002,Butobarbital,true,Butobarbital is a sedative and a hypnotic drug.,"5-butyl-5-ethyl-1,3-diazinane-2,4,6-trione",Humans and other mammals
P14867; P47869; P34903; P48169; P31644; Q16445; P43681; P36544; P42262; Q13002,Heptabarbital,true,Heptabarbital is an intermediate or short term barbiturate used mainly for sedation and hypnosis.,"5-(cyclohept-1-en-1-yl)-5-ethyl-1,3-diazinane-2,4,6-trione",Humans and other mammals
P14867; P47869; P34903; P31644; Q8N1C3; P18507; Q99928; P18505; P47870; P28472; O14764; P78334; O00591; P24046; P28476; A8MPY1; P08684; P14867; P47869; P34903; P48169; P31644; Q16445; P18505; P47870; P28472; O14764; P78334; Q8N1C3; P18507; Q99928; O00591; Q9UN88,Prazepam,true,Prazepam is a benzodiazepine that is used in the treatment of anxiety disorders. It is a schedule IV drug in the U.S.,"7-chloro-1-(cyclopropylmethyl)-5-phenyl-2,3-dihydro-1H-1,4-benzodiazepin-2-one",Humans and other mammals
P14867; P47869; P34903; P31644; Q8N1C3; P18507; Q99928; P18505; P47870; P28472; O14764; P78334; O00591; P24046; P28476; A8MPY1,Cinolazepam,true,"Cinolazepam is a benzodiazepine derivative with anxiolytic, anticonvulsant, sedative and skeletal muscle relaxant activity. It is not approved in Canada or America.","3-[7-chloro-5-(2-fluorophenyl)-3-hydroxy-2-oxo-2,3-dihydro-1H-1,4-benzodiazepin-1-yl]propanenitrile",Humans and other mammals
P07445; Q06520; P22637; P14061; O00204; P24462; Q07869; P03372; Q99720; Q92731; O75469; Q14994; P14867; P47869; P34903; P48169; P31644; Q16445; P18505; P47870; P28472; O14764; P78334; Q8N1C3; P18507; Q99928; O00591; Q9UN88; Q05586; Q12879; Q13224; Q14957; O15399; Q8TCU5; O60391; P10275,Prasterone,true,"Prasterone, also known as dehydroepiandrosterone (DHEA) is a major C19 steroid produced by the adrenal cortex. It is also produced in small quantities in the testis and the ovary. Dehydroepiandrosterone (DHEA) can be converted to testosterone; androstenedione; estradiol; and estrone. Most of DHEA is sulfated (dehydroepiandrosterone sulfate) before secretion.

In the United States, DHEA or DHEAS have been advertised with claims that they may be beneficial for a wide variety of ailments. DHEA and DHEAS are readily available in the United States, where they are marketed as over-the-counter dietary supplements. In November 2016, DHEA was approved (as Intrarosa) to treat women experiencing moderate to severe pain during sexual intercourse (dyspareunia), a symptom of vulvar and vaginal atrophy (VVA), due to menopause.

In Canada, a prescription is required to buy DHEA.","(1S,2R,5S,10R,11S,15S)-5-hydroxy-2,15-dimethyltetracyclo[8.7.0.0²,⁷.0¹¹,¹⁵]heptadec-7-en-14-one",Humans and other mammals
P08684; P33260; P33261; P25105; P14867; P47869; P34903; P18507,Etizolam,true,"Etizolam is a thienodiazepine which is chemically related to benzodiazepine (BDZ) drug class; it differs from BDZs in having a benzene ring replaced with a thiophene ring. It is an agonist at GABA-A receptors and possesses amnesic, anxiolytic, anticonvulsant, hypnotic, sedative and skeletal muscle relaxant properties. Initially introduced in 1983 in Japan as treatment for neurological conditions such as anxiety and sleep disorders, etizolam is marketed in Japan, Italy and India. It is not approved for use by FDA in the US; however it remains unscheduled in several states and is legal for research purposes.","7-(2-chlorophenyl)-4-ethyl-13-methyl-3-thia-1,8,11,12-tetraazatricyclo[8.3.0.0²,⁶]trideca-2(6),4,7,10,12-pentaene",""
P14867; P47869; P34903; P48169; P31644; Q16445; P18505; P47870; P28472; O14764; P78334; Q8N1C3; P18507; Q99928; O00591; Q9UN88; P23415; O14788,Thiocolchicoside,true,"Thiocolchicoside is a semi-synthetic derivative of the colchicine, a natural anti-inflammatory glycoside which originates from the flower seeds of _superba gloriosa_.  It is a muscle relaxant with anti-inflammatory and analgesic effects.  It has potent convulsant activity and should not be administered to individuals prone to seizures [L1663].","N-[(10S)-3,4-dimethoxy-14-(methylsulfanyl)-13-oxo-5-{[(2S,3R,4S,5S,6R)-3,4,5-trihydroxy-6-(hydroxymethyl)oxan-2-yl]oxy}tricyclo[9.5.0.0²,⁷]hexadeca-1(16),2,4,6,11,14-hexaen-10-yl]acetamide",Humans and other mammals
P14867; P47869; P34903; P48169; P31644; Q16445; P18505; P47870; P28472; O14764; P78334; Q8N1C3; P18507; Q99928; O00591; Q9UN88; P15121,Brexanolone,true,"As of March 2019, brexanolone - developed and made available commercially by Sage Therapeutics Inc. as the brand name product Zulresso - is the first drug to have ever been approved by the US FDA specifically for the treatment of postpartum depression (PPD) in adult females [F4066]. Since PPD, like various other types of depression, is characterized by feelings of sadness, worthlessness or guilt, cognitive impairment, and/or possibly suicidal ideation, it is considered a life-threatening condition [F4072]. Studies have consequently found that PPD can genuinely have profound negative effects on the maternal-infant bond and later infant development [F4072, A176080, A176083]. The development and availability of brexanolone for the treatment of PPD in adult females subsequently provides a new and promising therapy where few existed before [F4066].

In particular, the use of brexanolone in treating PPD is surrounded with promise because it acts in part as a synthetic supplement for possible deficiencies in endogenous brexanolone (allopregnanolone) in postpartum women susceptible to PPD whereas many commonly used anti-depressive medications elicit actions that may modulate the presence and activity of substances like serotonin, norepinephrine, and/or monoamine oxidase but do not mediate activities directly associated with PPD like natural fluctuations in the levels of endogenous neuroactive steroids like allopregnanolone [F4063].

And finally, although brexanolone may also be undergoing clinical trials to investigate its abilities to treat super-refractory status epilepticus, it appears that some such studies have failed to meet primary endpoints that compare success in the weaning of third-line agents and resolution of potentially life-threatening status epilepticus with brexanolone vs. placebo when added to standard-of-care [L5750].","1-[(1S,3aS,3bR,5aS,7R,9aS,9bS,11aS)-7-hydroxy-9a,11a-dimethyl-hexadecahydro-1H-cyclopenta[a]phenanthren-1-yl]ethan-1-one",Humans and other mammals
P14867; P47869; P34903; P48169; P31644; Q16445; Q8N1C3; P18507; Q99928,"5,7,2′-trihydroxy-6,8-dimethoxyflavone",true,"5,7,2′-trihydroxy-6,8-dimethoxyflavone (K36) is a high-affinity, naturally occurring flavonoid derivative isolated from the medicinal herb _Scutellaria baicalensis_ Georgi [A31656].","5,7-dihydroxy-2-(2-hydroxyphenyl)-6,8-dimethoxy-4H-chromen-4-one",""
P14867; P47869; P34903; P48169; P31644; Q16445; Q8N1C3; P18507; Q99928; P08684,Mexazolam,true,Mexazolam (CS-386) is a benzodiazepine indicated for the treatment of anxiety with or without psychoneurotic conditions.[A184910] Mexazolam's structure is similar to that of other benzodiazepines such as [oxazolam] and [cloxazolam].[A184910] The use of benzodiazepines in the treatment of anxiety is generally a second line measure.[A184910],"13-chloro-2-(2-chlorophenyl)-5-methyl-3-oxa-6,9-diazatricyclo[8.4.0.0^{2,6}]tetradeca-1(10),8,11,13-tetraen-8-ol",""
P30536; P14867; P47869; P34903; P48169; P31644; Q16445; P18505; P47870; P28472; Q8N1C3; P18507; Q99928; O14764; P78334; O00591; P24046; P28476; Q9UN88; A8MPY1; P08684; P20813; P11712; P14867; P47869; P34903; P48169; P31644; Q16445; P18505; P47870; P28472; O14764; P78334; Q8N1C3; P18507; Q99928; O00591; Q9UN88,Temazepam,true,"Temazepam, like many other similar and related benzodiazepines, acts as a gamma-aminobutyric acid (GABA) modulator and is capable of eliciting a variety of actions including sedation, hypnosis, skeletal muscle relaxation, anticonvulsant activity, and anxiolytic action [A175207, A175210, F3718, F3721].

Although the chemical synthesis of temazepam was established by 1965 [A175333], mainstream contemporary use of the medication did not occur until it's legitimate use as treatment for insomnia was accepted and approved later on. In particular, before temazepam saw regular prescription use in civilians it was - and still is - employed by the US military as a sedative-hypnotic medication to be taken by soldiers, pilots, etc. to obtain the necessary rest required for medical recovery or scheduled maneuvers and operations [A175339]. Regardless, temazepam has become one of the most frequently prescribed medications internationally and sees millions of prescriptions every year. Unfortunately, however, given its frequent use and the inherent nature of its pharmacological effects, temazepam - like many other benzodiazepines - possesses a high potential for misuse and is genuinely capable of developing drug tolerance, physical dependence, and addiction in users.","7-chloro-3-hydroxy-1-methyl-5-phenyl-2,3-dihydro-1H-1,4-benzodiazepin-2-one",Humans and other mammals
P08684; P14867; P47869; P34903; P31644; P10632; P14867; P47869; P34903; P48169; P31644; Q16445; P18505; P47870; P28472; O14764; P78334; Q8N1C3; P18507; Q99928; O00591; Q9UN88,Eszopiclone,true,"Eszopiclone, marketed by Sepracor under the brand-name Lunesta, is a nonbenzodiazepine hypnotic drug used to treat insomnia. It is the active stereoisomer of zopiclone, belonging to the class of drugs known as _cyclopyrrolones_.[A179638,L6850] Cyclopyrrolone drugs demonstrate high efficacy and low toxicity[A179827], offering a safer alternative to other drugs used for insomnia.

One major benefit of eszopiclone is that it is approved by the FDA for the long-term treatment of insomnia. This sets it apart from many other hypnotic sedatives, which are generally approved only for the relief of short-term (6-8 weeks) insomnia. Eszopiclone was initially approved by the FDA in 2004.[L6769]","(5S)-6-(5-chloropyridin-2-yl)-7-oxo-5H,6H,7H-pyrrolo[3,4-b]pyrazin-5-yl 4-methylpiperazine-1-carboxylate",Humans and other mammals
P14867; P10632; P11712; P47869; P34903; P48169; P31644; Q16445; P43681; P36544; P42262; Q13002; P05177; Q05586; Q12879; Q13224; Q14957; O15399; Q8TCU5; O60391; P33261,Secobarbital,true,"Secobarbital (marketed by Eli Lilly and Company under the brand names Seconal and Tuinal) is a barbiturate derivative drug with anaesthetic, anticonvulsant, sedative and hypnotic properties. It is commonly known as quinalbarbitone in the United Kingdom.","5-(pentan-2-yl)-5-(prop-2-en-1-yl)-1,3-diazinane-2,4,6-trione",Humans and other mammals
P14867; P08684; P05177; P47869; P34903; P11712; P33261; P10635; P18507,Zolpidem,true,"Zolpidem, also known as _Ambien_, is a hypnotic drug that was initially approved by the FDA in 1992 [FDA label].  Zolpidem improves sleep in patients with insomnia. It is aimed for use in patients with difficulties initiating sleep. This drug decreases the time to fall asleep (sleep latency), increases the duration of sleep, and decreases the number of awakenings during sleep in patients with temporary (transient) insomnia.  It is available in both immediate acting and extended release forms [FDA label], [F3802]. 

Its tolerability profile is favorable when administered according to the manufacturer’s instructions, with a low risk of drug withdrawal, drug dependence, and drug tolerance [A175426]. In addition, zolpidem improves sleep quality in patients suffering from chronic insomnia and can show mild muscle relaxant properties [L5584]. Research also shows that zolpidem is rapid and effective in restoring brain function for patients in a vegetative state following brain injury. This drug has the propensity to completely or partially reverse the abnormal metabolism of damaged brain cells after injury [L5584], [A175444].","N,N-dimethyl-2-[6-methyl-2-(4-methylphenyl)imidazo[1,2-a]pyridin-3-yl]acetamide",Humans and other mammals
P30536; P08684; P14867; P47869; P34903; P48169; P31644; Q16445; P18505; P47870; P28472; O14764; P78334; Q8N1C3; P18507; Q99928; O00591; Q9UN88,Clorazepic acid,true,A water-soluble benzodiazepine derivative effective in the treatment of anxiety. It has also muscle relaxant and anticonvulsant actions.,"7-chloro-2-oxo-5-phenyl-2,3-dihydro-1H-1,4-benzodiazepine-3-carboxylic acid",Humans and other mammals
P41594; Q7Z2H8; P14867; P47869; P34903; P48169; P31644; Q16445; P18505; P47870; P28472; O14764; P78334; Q8N1C3; P18507; Q99928; O00591; Q9UN88; Q05586; Q12879; Q13224; Q14957; O15399; Q8TCU5; O60391,Acamprosate,true,"Acamprosate, also known by the brand name Campral&trade;, is a drug used for treating alcohol dependence. Acamprosate is thought to stabilize the chemical balance in the brain that would otherwise be disrupted by alcoholism, possibly by blocking glutaminergic N-methyl-D-aspartate receptors, while gamma-aminobutyric acid type A receptors are activated. Reports indicate that acamprosate only works with a combination of attending support groups and abstinence from alcohol. Certain serious side effects include allergic reactions, irregular heartbeats, and low or high blood pressure, while less serious side effects include headaches, insomnia, and impotence. Acamprosate should not be taken by people with kidney problems or allergies to the drug.",3-acetamidopropane-1-sulfonic acid,Humans and other mammals
P30536; P14867; P47869; P34903; P08684; P02768; P11712; P33261; P20815; P24462; P31644; P18505; P47870; P28472; Q8N1C3; P18507; Q99928; O14764; P78334; O00591; P24046; P28476; A8MPY1; Q9UN88; P08183; P20813; P23219; P33260; P10632; P05181; P14867; P47869; P34903; P48169; P31644; Q16445; P18505; P47870; P28472; O14764; P78334; Q8N1C3; P18507; Q99928; O00591; Q9UN88,Diazepam,true,"A benzodiazepine with anticonvulsant, anxiolytic, sedative, muscle relaxant, and amnesic properties and a long duration of action. Its actions are mediated by enhancement of gamma-aminobutyric acid activity. It is used in the treatment of severe anxiety disorders, as a hypnotic in the short-term management of insomnia, as a sedative and premedicant, as an anticonvulsant, and in the management of alcohol withdrawal syndrome. (From Martindale, The Extra Pharmacopoeia, 30th ed, p589)

Given diazepam's storied history as a commonly used and effective medication for a variety of indications, contemporary advancements in the formulation and administration of the agent include the development and US FDA approval of an auto-injectable formulation for the rapid treatment of uncontrolled seizures in 2015-2016 [L5200]. Combining diazepam, a proven effective therapy for acute repetitive seizures, with an auto-injector designed for subcutaneous administration that is quickly and easily administered offers the potential for complete, consistent drug absorption and rapid onset of effect [L5200]. This current development is subsequently an important addition to the rescue therapy tool chest for patients with epilepsy [L5200].","7-chloro-1-methyl-5-phenyl-2,3-dihydro-1H-1,4-benzodiazepin-2-one",Humans and other mammals
P14867; P18507; P31644; P14867; P47869; P34903; P48169; P31644; Q16445; P18505; P47870; P28472; O14764; P78334; Q8N1C3; P18507; Q99928; O00591; Q9UN88,Flumazenil,true,"Fumazenil is an imidazobenzodiazepine derivative and a potent benzodiazepine receptor antagonist that competitively inhibits the activity at the benzodiazepine recognition site on the GABA/benzodiazepine receptor complex, thereby reversing the effects of benzodiazepine on the central nervous system.","ethyl 12-fluoro-8-methyl-9-oxo-2,4,8-triazatricyclo[8.4.0.0²,⁶]tetradeca-1(10),3,5,11,13-pentaene-5-carboxylate",Humans and other mammals
P33261; P10635; P08684; P05177; P11712; P14867; P47869; P34903; P48169; P31644; Q16445; P18505; P47870; P28472; O14764; P78334; Q8N1C3; P18507; Q99928; O00591; Q9UN88; P00338; P07195,Stiripentol,true,"Stiripentol is an anticonvulsant drug used in the treatment of epilepsy as an adjunct therapy along with [DB00349] and [DB00313].  This drug is currently approved in the USA, Canada, and European countries as oral tablets marketed as Diacomit.   FDA approval of this drug was granted on August 20, 2018 [L4352], [F1240]. Unrelated to other anticonvulsants, stiripentol belongs to the group of aromatic allylic alcohols and may potentiate the effect of other antiepileptic drugs (AEDs) due to pharmacokinetic interactions. It elevates the levels of gamma-aminobutyric acid (GABA), a major inhibitory neurotransmitter that regulates electrical activity in the central nervous system.","(1E)-1-(2H-1,3-benzodioxol-5-yl)-4,4-dimethylpent-1-en-3-ol",""
P98194; P23415; P48167; P42261; Q09470; P30049; O15554; P05181; P02768; P14867; P47869; P34903; P48169; P31644; Q16445; P18505; P47870; P28472; O14764; P78334; Q8N1C3; P18507; Q99928; O00591; Q9UN88,Enflurane,true,An extremely stable inhalation anesthetic that allows rapid adjustments of anesthesia depth with little change in pulse or respiratory rate.,"2-chloro-1-(difluoromethoxy)-1,1,2-trifluoroethane",Humans and other mammals
P14867; P47869; P34903; P48169; P31644; Q16445; P43681; P36544; P42262; Q13002; P14867; P47869; P34903; P48169; P31644; Q16445; P18505; P47870; P28472; O14764; P78334; Q8N1C3; P18507; Q99928; O00591; Q9UN88,Butalbital,true,"Butalbital, or 5-allyl-5-isobutylbarbituric acid, is a derivative of barbituric acid which the hydrogens at position 5 are substituted by an allyl group and an isobutyl group. It is a short-to-intermediate acting member of barbiturates that exhibit muscle-relaxing and anti-anxiety properties that produce central nervous system (CNS) depression that ranges from mild sedation to general anesthesia.[A177754] Butalbital has a low degree of selectivity and a narrow therapeutic index.[A177754] Typically indicated to manage tension (or muscle contraction) headaches, butalbital is often combined with one or more therapeutic agents, such as acetylsalicylic acid, acetaminophen, aspirin, and caffeine. There have not been clinical trials that evaluate the clinical efficacy of butalbital in migraines [A177754] thus it is not indicated for such condition. As with other barbiturates, butalbital carries a risk of abuse or misuse potential, intoxication, hangover, tolerance, dependence, and overdosage possibly leading to death.[L10370] Butalbital‐containing analgesics can also produce a drug‐induced headache in addition to tolerance and dependence. Due to these risks, the use of butalbital-containing combination products is typically limited for use only in cases where other medications are deemed ineffective and such usage is advised to be carefully monitored.[A177754]","5-(2-methylpropyl)-5-(prop-2-en-1-yl)-1,3-diazinane-2,4,6-trione",Humans and other mammals
P14867; P18089; P11166; P15538; P19099; P14867; P47869; P34903; P48169; P31644; Q16445; P18505; P47870; P28472; O14764; P78334; Q8N1C3; P18507; Q99928; O00591; Q9UN88,Etomidate,true,"Imidazole derivative anesthetic and hypnotic with little effect on blood gases, ventilation, or the cardiovascular system. It has been proposed as an induction anesthetic.",ethyl 1-[(1R)-1-phenylethyl]-1H-imidazole-5-carboxylate,Humans and other mammals
P33261; P14867; P47870; P18507; P31644; P34903,Carisoprodol,true,"Originally approved by the FDA in 1959 [FDA label], carisoprodol is a centrally acting muscle relaxant used in painful musculoskeletal conditions in conjunction with physical therapy and other medications [A176047].  This drug is available by itself in an oral tablet or combined with aspirin, or in a fixed-dose combination with both aspirin and codeine [FDA label, F4060, F4069].

In January 2012, this drug was classified as a Schedule IV substance under the controlled substances act in several US states due to alarming rates of abuse [A176062, A176077] despite having a low potential for abuse in addition to a low risk of dependence [L5074].",2-[(carbamoyloxy)methyl]-2-methylpentyl N-(propan-2-yl)carbamate,Humans and other mammals
P14867; P33261,Methohexital,true,An intravenous anesthetic with a short duration of action that may be used for induction of anesthesia.,"5-(hex-3-yn-2-yl)-1-methyl-5-(prop-2-en-1-yl)-1,3-diazinane-2,4,6-trione",Humans and other mammals
P14867; P14867; P47869; P34903; P48169; P31644; Q16445; P18505; P47870; P28472; O14764; P78334; Q8N1C3; P18507; Q99928; O00591; Q9UN88,Methyprylon,true,"Methyprylon is a sedative of the piperidinedione derivative family that was previously used for the treatment of insomnia. However, with the introduction of newer drugs with fewer side effects, such as benzodiazepines, the clinical use of methyprylon is now limited. Methyprylon was withdrawn from the U.S. market in June 1965 and the Canadian market in September 1990 due to adverse events.","3,3-diethyl-5-methylpiperidine-2,4-dione",Humans and other mammals
P14867; Q15842; Q14654; P11712; P08684; P05181,Thiamylal,true,"A barbiturate that is administered intravenously for the production of complete anesthesia of short duration, for the induction of general anesthesia, or for inducing a hypnotic state. (From Martindale, The Extra Pharmacopoeia, 30th ed, p919)","5-(pentan-2-yl)-5-(prop-2-en-1-yl)-2-sulfanylidene-1,3-diazinane-4,6-dione",Humans and other mammals
P14867; P11712; P33261; P23219; P47869; P34903; P48169; P31644; Q16445; P43681; P36544; P42262; Q13002,Hexobarbital,true,A barbiturate that is effective as a hypnotic and sedative.,"5-(cyclohex-1-en-1-yl)-1,5-dimethyl-1,3-diazinane-2,4,6-trione",Humans and other mammals
P14867; P47869; P34903; P48169; P31644; Q16445; P43681; P36544; P42262; Q13002,Barbituric acid derivative,true,,"2-sulfanylidene-5-({5-[2-(trifluoromethyl)phenyl]furan-2-yl}methyl)-1,3-diazinane-4,6-dione",""
P14867; P47869; P34903; P31644; Q8N1C3; P18507; Q99928; P18505; P47870; P28472; O14764; P78334; O00591; P24046; P28476; A8MPY1; P20813; P33260; P33261; P08684,Clotiazepam,true,"Clotiazepam is a benzodiazepine derivative, not approved for sale in the U.S. or Canada, but has been approved in the U.K. It is a schedule IV drug in Canada.","5-(2-chlorophenyl)-7-ethyl-1-methyl-1H,2H,3H-thieno[2,3-e][1,4]diazepin-2-one",Humans and other mammals
P47869; P14867; P34903; P31644; Q8N1C3; P18507; Q99928; P18505; P47870; P28472; O14764; P78334; O00591; P24046; P28476; A8MPY1,Fludiazepam,true,"Fludiazepam is a drug which is a benzodiazepine derivative. It possesses anxiolytic, anticonvulsant, sedative and skeletal muscle relaxant properties. It is a scheduled drug in the U.S., but is approved for use in Japan.","7-chloro-5-(2-fluorophenyl)-1-methyl-2,3-dihydro-1H-1,4-benzodiazepin-2-one",Humans and other mammals
P14867; P47869; P34903; P31644; Q8N1C3; P18507; Q99928; P18505; P28472; O14764; P78334; O00591; P24046; P28476; A8MPY1; P33261; P11712; P08684; P14867; P47869; P34903; P48169; P31644; Q16445; P18505; P47870; P28472; O14764; P78334; Q8N1C3; P18507; Q99928; O00591; Q9UN88; P20813,Quazepam,true,Quazepam is a drug which is a benzodiazepine derivative. It induces impairment of motor function and has hypnotic properties. Quazepam is used to treat insomnia.,"7-chloro-5-(2-fluorophenyl)-1-(2,2,2-trifluoroethyl)-2,3-dihydro-1H-1,4-benzodiazepine-2-thione",Humans and other mammals
P14867; P47869; P34903; P48169; P31644; Q16445,Ganaxolone,true,"Ganaxolone is the 3β-methylated synthetic analog of allopregnanolone; it belongs to a class of compounds referred to as neurosteroids. Ganaxolone is an allosteric modulator of GABAA receptors acting through binding sites which are distinct from the benzodiazepine binding site. It has activity in a broad range of animal models of epilepsy. Ganaxolone has been shown to be well tolerated in adults and children. In early phase II studies, Ganaxolone has been shown to have activity in adult patients with partial-onset seizures and epileptic children with history of infantile spasms. It is currently undergoing further development in infants with newly diagnosed infantile spasms, in women with catamenial epilepsy, and in adults with refractory partial-onset seizures.","1-[(1S,2S,5R,7S,10R,11S,14S,15S)-5-hydroxy-2,5,15-trimethyltetracyclo[8.7.0.0²,⁷.0¹¹,¹⁵]heptadecan-14-yl]ethan-1-one",""
P14867; P28472; P18507,Muscimol,true,Muscimol has been used in trials studying the treatment of Epilepsy and Parkinson's Disease.,"5-(aminomethyl)-2,3-dihydro-1,2-oxazol-3-one",""
P47869; P18507; P34903; P31644; P14867,Lormetazepam,true,Lormatazepam is an orally available benzodiazepine used in the UK for the treatment of short-term insomnia [L927]. It is marketed by Auden Mckenzie (Pharma Division) in 0.5 and 1 mg tablet formulations.,"7-chloro-5-(2-chlorophenyl)-3-hydroxy-1-methyl-2,3-dihydro-1H-1,4-benzodiazepin-2-one",""
Q14524; P35498; P10632; P33261; P11712; P20813; P20815; P02768; P08684; Q9NYB5; P08183; Q92887; P15538; P24462; O75469; Q07699; Q9NY46; P22309; P19224; O60656; P05543; Q12809; Q13936; Q01668; O60840; Q13698; Q02641; Q08289; P54284; O00305; O00555; Q99250; Q9UQD0; P14867; P47869; P34903; P48169; P31644; Q16445; P18505; P47870; P28472; O14764; P78334; Q8N1C3; P18507; Q99928; O00591; Q9UN88; P05177; P11509; P10635; P05181; P07099; P22310; P21964; P15559; P33260,Phenytoin,true,"Phenytoin is classified as a hydantoin derivative and despite its narrow therapeutic index, it is one of the most commonly used anticonvulsants.[A33595,A188832,A189219] Since it's introduction about 80 years ago, phenytoin has not only been established as an effective anti-epileptic, but has also been investigated for several other indications such as bipolar disorder, retina protection, and wound healing.[A188826,A188832]

Clinicians are advised to initiate therapeutic drug monitoring in patients who require phenytoin since even small deviations from the recommended therapeutic range can lead to suboptimal treatment, or adverse effects.[A189219,A35884] Both parenteral and oral formulations of phenytoin are available on the market.[A189219]","5,5-diphenylimidazolidine-2,4-dione",Humans and other mammals
Q99250; P22310; P08183; P35503; P00374; P46098; Q15878; P30542; P29274; P35348; P08913; P08588; P21728; P21918; P14416; P14867; P47869; P34903; P48169; P31644; Q16445; P18505; P47870; P28472; O14764; P78334; Q8N1C3; P18507; Q99928; O00591; Q9UN88; P14867; P47869; P34903; P48169; P31644; Q16445; Q8N1C3; P18507; Q99928; P35367; P41145; P11229; P08172; P20309; P08173; P08912; P28223; P22309; O15244,Lamotrigine,true,"Lamotrigine is an antiepileptic drug belonging in the phenyltriazine class used in the treatment of epilepsy and bipolar disorder. For epilepsy it is used to treat partial seizures, primary and secondary tonic-clonic seizures, and seizures associated with Lennox-Gastaut syndrome. Lamotrigine also acts as a mood stabilizer. It is the first medication since lithium granted Food and Drug Administration (FDA) approval for the maintenance treatment of bipolar type I. In the US, lamotrigine is available as oral tablets under the market name Lamictal. Chemically unrelated to other anticonvulsants, lamotrigine has relatively few side-effects and does not require blood monitoring. While lamotrigine is primarily indicated for epilepsy and bipolar disorders, there is evidence that it could have some clinical efficacy in some neuropathic pain states. Lamotrigine is also used as an off-label drug in treating other neurologic and psychiatric pathologies like borderline personality disorder [A31737]. The exact mechanism of action of lamotrigine is not fully elucidated, as it may have multiple cellular actions that contribute to its broad clinical efficacy.","6-(2,3-dichlorophenyl)-1,2,4-triazine-3,5-diamine",Humans and other mammals
P14867; P31644; P34903; P47869; P48169; Q16445; P08684; P20815; P22310; P24462,Midazolam,true,"Midazolam is a short-acting hypnotic-sedative drug with anxiolytic, muscle relaxant, anticonvulsant, sedative, hypnotic, and amnesic properties.[A173842] It belongs to a class of drugs called _benzodiazepines_. This drug is unique from others in this class due to its rapid onset of effects and short duration of action.[A173842] Midazolam is available by oral, rectal, intranasal, intramuscular (IM), and intravenous (IV) routes and has been used in various biomedical applications, including dentistry, cardiac surgery, and endoscopic procedures as pre-anesthetic medication, and as an adjunct to local anesthesia.[F2977]

This drug was initially approved by the US FDA in 1985, and has been approved for various indications since.[FDA label] In late 2018, the intramuscular preparation was approved by the FDA for the treatment of status epilepticus in adults.[FDA label] In May 2019, the nasal spray of midazolam was approved for the acute treatment of distinctive intermittent, stereotypic seizure episodes in patients 12 years of age and older. Midazolam is considered a schedule IV drug in the United States due to the low potential for abuse and low risk of dependence.[L5074]","12-chloro-9-(2-fluorophenyl)-3-methyl-2,4,8-triazatricyclo[8.4.0.0²,⁶]tetradeca-1(10),3,5,8,11,13-hexaene",Humans and other mammals
P98194; P30049; P14867; Q09470; P42261; P23415; P0DP23; P05181; P02768; P20813; P03886; P14867; P47869; P34903; P48169; P31644; Q16445; P18505; P47870; P28472; O14764; P78334; Q8N1C3; P18507; Q99928; O00591; Q9UN88; P43681; P17787,Isoflurane,true,"A stable, non-explosive inhalation anesthetic, relatively free from significant side effects.","2-chloro-2-(difluoromethoxy)-1,1,1-trifluoroethane",Humans and other mammals
P14867; P33261; P11712; P08684; P47869; P34903; P48169; P31644; Q16445; P43681; P36544; P42262; Q13002; P14867; P47869; P34903; P48169; P31644; Q16445; P18505; P47870; P28472; O14764; P78334; Q8N1C3; P18507; Q99928; O00591; Q9UN88; Q9HCF6; P05181; P05177; P22309; Q9HAW8; P35503; P22310; P19224; Q9HAW7; Q9HAW9; O60656; P54855; P06133; P16662,Primidone,true,"Primidone is an anticonvulsant used to treat essential tremor as well as grand mal, psychomotor, and focal epileptic seizures.[L11112] Primidone was developed by J Yule Bogue and H C Carrington in 1949.[A189522]

Primidone was granted FDA Approval on 8 March 1954.[L11112]","5-ethyl-5-phenyl-1,3-diazinane-4,6-dione",Humans and other mammals
P14867; P47869; P34903; P48169; P31644; Q16445; P18505; P47870; P28472; Q8N1C3; P18507; Q99928; O14764; P78334; O00591; P24046; P28476; Q9UN88; A8MPY1; P54855; P16662; O60656; P14867; P47869; P34903; P48169; P31644; Q16445; P18505; P47870; P28472; O14764; P78334; Q8N1C3; P18507; Q99928; O00591; Q9UN88,Oxazepam,true,Oxazepam is an intermediate-acting benzodiazepine used to treat alcohol withdrawal and anxiety disorders. Oxazepam is also the metabolite of other benzodiazpines.,"7-chloro-3-hydroxy-5-phenyl-2,3-dihydro-1H-1,4-benzodiazepin-2-one",Humans and other mammals
P30536; P08684; P20815; P24462; P14867; P47869; P34903; P48169; P31644; Q16445; P18505; P47870; P28472; Q8N1C3; P18507; Q99928; O14764; P78334; O00591; P24046; P28476; A8MPY1; Q9UN88; P10632; P14867; P47869; P34903; P48169; P31644; Q16445; P18505; P47870; P28472; O14764; P78334; Q8N1C3; P18507; Q99928; O00591; Q9UN88,Triazolam,true,"Withdrawn in the United Kingdom due to risk of psychiatric adverse drug reactions. This drug continues to be available in the U.S. Internationally, triazolam is a Schedule IV drug under the Convention on Psychotropic Substances.","12-chloro-9-(2-chlorophenyl)-3-methyl-2,4,5,8-tetraazatricyclo[8.4.0.0²,⁶]tetradeca-1(10),3,5,8,11,13-hexaene",Humans and other mammals
P14867; P23415; Q12791; P98194; P03886; O15554; P30049; P08100; P48051; P48549; P59768; Q6W5P4; P05181; P11509; P08684; Q8TCU5; O60391; Q12879; O14649; Q9NPC2; P02768; P20813; P11712; P14867; P47869; P34903; P48169; P31644; Q16445; P18505; P47870; P28472; O14764; P78334; Q8N1C3; P18507; Q99928; O00591; Q9UN88,Halothane,true,"A nonflammable, halogenated, hydrocarbon anesthetic that provides relatively rapid induction with little or no excitement. Analgesia may not be adequate. nitrous oxide is often given concomitantly. Because halothane may not produce sufficient muscle relaxation, supplemental neuromuscular blocking agents may be required. (From AMA Drug Evaluations Annual, 1994, p178)","2-bromo-2-chloro-1,1,1-trifluoroethane",Humans and other mammals
P14867; P33261; P11712; P20813; P10632; P05177; P08684; O15438; O95342; P08183; P33527; Q92959; Q92887; P43681; P36544; P42262; Q13002; P11509; P05181; P20815; P04798; P33260; P24462; P13584; Q05586; Q12879; Q13224; Q14957; O15399; Q8TCU5; O60391; O75469; P22309; P16662,Phenobarbital,true,"A barbituric acid derivative that acts as a nonselective central nervous system depressant. It promotes binding to inhibitory gamma-aminobutyric acid subtype receptors, and modulates chloride currents through receptor channels. It also inhibits glutamate induced depolarizations.","5-ethyl-5-phenyl-1,3-diazinane-2,4,6-trione",Humans and other mammals
P98194; P03886; P23415; P42261; P14867; P47869; P34903; P48169; P31644; Q16445; P18505; P47870; P28472; O14764; P78334; Q8N1C3; P18507; Q99928; O00591; Q9UN88; Q09470; P30049; P02768,Desflurane,true,"Desflurane is a highly fluorinated methyl ethyl ether used for maintenance of general anaesthesia. Volatile agents such as desflurane may activate GABA channels and hyperpolarize cell membranes. In addition, they may inhibit certain calcium channels and therefore prevent release of neurotransmitters and inhibit glutamate channels. Volatile anesthetics easily partition into cellular membranes and could expand the volume of the cell membrane and subsequently distort channels necessary for sodium ion flux and the development of action potentials necessary for synaptic transmission. Desflurane preconditions human myocardium against ischemia through activation of mitochondrial K(ATP) channels, adenosine A1 receptor, and alpha and beta adrenoceptors.","2-(difluoromethoxy)-1,1,1,2-tetrafluoroethane",Humans and other mammals
P47869; P14867; P34903; P48169; P31644; Q16445; P18505; P47870; P28472; Q8N1C3; P18507; Q99928; O14764; P78334; O00591; P24046; P28476; Q9UN88; A8MPY1; P05177; P33261; P05181,Bromazepam,true,One of the benzodiazepines that is used in the treatment of anxiety disorders. It is a Schedule IV drug in the U.S. and Canada and under the Convention on Psychotropic Substances. It is a intermediate-acting benzodiazepine.,"7-bromo-5-(pyridin-2-yl)-2,3-dihydro-1H-1,4-benzodiazepin-2-one",Humans and other mammals
P14867; P35498; P47869; P34903; P48169; P31644; Q16445; P18505; P47870; P28472; Q8N1C3; P18507; Q99928; O14764; P78334; O00591; P24046; P28476; A8MPY1; Q9UN88; P08684; P05181,Nitrazepam,true,A benzodiazepine derivative used as an anticonvulsant and hypnotic.,"7-nitro-5-phenyl-2,3-dihydro-1H-1,4-benzodiazepin-2-one",Humans and other mammals
P14867; P47869; P34903; P48169; P31644; Q16445; P18505; P47870; P28472; O14764; P78334; Q8N1C3; P18507; Q99928; O00591; Q9UN88,Ethchlorvynol,true,"Ethchlorvynol is a sedative and hypnotic drug. It has been used to treat insomnia, but has been largely superseded and is only offered where an intolerance or allergy to other drugs exists.",(1E)-1-chloro-3-ethylpent-1-en-4-yn-3-ol,Humans and other mammals
P14867; P47869; P34903; P48169; P31644; Q16445; P43681; P36544; P42262; Q13002; P14867; P47869; P34903; P48169; P31644; Q16445; P18505; P47870; P28472; O14764; P78334; Q8N1C3; P18507; Q99928; O00591; Q9UN88,Talbutal,true,"Talbutal, also called 5-allyl-5-sec-butylbarbituric acid, is a barbiturate with a short to intermediate duration of action. Talbutal is a schedule III drug in the U.S.","5-(butan-2-yl)-5-(prop-2-en-1-yl)-1,3-diazinane-2,4,6-trione",Humans and other mammals
P14867; P08684; P48169; Q16445; P47869; P34903; P31644; P43681; P36544; P42262; Q13002; P33261; P11509; P14867; P47869; P34903; P48169; P31644; Q16445; P18505; P47870; P28472; O14764; P78334; Q8N1C3; P18507; Q99928; O00591; Q9UN88; Q05586; Q12879; Q13224; Q14957; O15399; Q8TCU5; O60391; O75469,Pentobarbital,true,"A short-acting barbiturate that is effective as a sedative and hypnotic (but not as an anti-anxiety) agent and is usually given orally. It is prescribed more frequently for sleep induction than for sedation but, like similar agents, may lose its effectiveness by the second week of continued administration. (From AMA Drug Evaluations Annual, 1994, p236)","5-ethyl-5-(pentan-2-yl)-1,3-diazinane-2,4,6-trione",Humans and other mammals
P14867; P47869; P34903; P48169; P31644; Q16445; P14867; P47869; P34903; P48169; P31644; Q16445; P18505; P47870; P28472; O14764; P78334; Q8N1C3; P18507; Q99928; O00591; Q9UN88,Meprobamate,true,"A carbamate with hypnotic, sedative, and some muscle relaxant properties, although in therapeutic doses reduction of anxiety rather than a direct effect may be responsible for muscle relaxation. Meprobamate has been reported to have anticonvulsant actions against petit mal seizures, but not against grand mal seizures (which may be exacerbated). It is used in the treatment of anxiety disorders, and also for the short-term management of insomnia but has largely been superseded by the benzodiazepines. (From Martindale, The Extra Pharmacopoeia, 30th ed, p603) Meprobamate is a controlled substance in the U.S.",2-[(carbamoyloxy)methyl]-2-methylpentyl carbamate,Humans and other mammals
P31645; P23975; P08913; P14416; P35348; P21728; P11229; P14867; P02763; P10635; P28223; P28335; P50406; P34969; P35462; P21917; P35367; P35348; P35368; P25100; P11229; P08172; P20309; P08173; P08912; P41595; P46098; P08908; P28222; P08913; P18089; P18825; Q9H3N8; P14867; P47869; P34903; P48169; P31644; Q16445; P18505; P47870; P28472; O14764; P78334; Q8N1C3; P18507; Q99928; O00591; Q9UN88; Q01959,Amoxapine,true,"Amoxapine, the <i>N</i>-demethylated derivative of the antipsychotic agent loxapine, is a dibenzoxazepine-derivative tricyclic antidepressant (TCA). TCAs are structurally similar to phenothiazines. They contain a tricyclic ring system with an alkyl amine substituent on the central ring. In non-depressed individuals, amoxapine does not affect mood or arousal, but may cause sedation. In depressed individuals, amoxapine exerts a positive effect on mood. TCAs are potent inhibitors of serotonin and norepinephrine reuptake. In addition, TCAs down-regulate cerebral cortical &beta;-adrenergic receptors and sensitize post-synaptic serotonergic receptors with chronic use. The antidepressant effects of TCAs are thought to be due to an overall increase in serotonergic neurotransmission. TCAs also block histamine H<sub>1</sub> receptors, &alpha;<sub>1</sub>-adrenergic receptors and muscarinic receptors, which accounts for their sedative, hypotensive and anticholinergic effects (e.g. blurred vision, dry mouth, constipation, urinary retention), respectively. See toxicity section below for a complete listing of side effects. Amoxapine may be used to treat neurotic and reactive depressive disorders, endogenous and psychotic depression, and mixed symptoms of depression and anxiety or agitation.","13-chloro-10-(piperazin-1-yl)-2-oxa-9-azatricyclo[9.4.0.0³,⁸]pentadeca-1(11),3,5,7,9,12,14-heptaene",Humans and other mammals
P33261; P08684; P14867; P47869; P34903; P31644; Q8N1C3; P18507; Q99928; P18505; P47870; P28472; O14764; P78334; O00591; P24046; P28476; A8MPY1,Adinazolam,true,"Adinazolam (Deracyn®) is a benzodiazepine derivative with anxiolytic, anticonvulsant, sedative, and antidepressant properties. Adinazolam was first developed to enhance the antidepressant effects of [alprazolam]. It has never been approved by the FDA for clinical use.","({12-chloro-9-phenyl-2,4,5,8-tetraazatricyclo[8.4.0.0²,⁶]tetradeca-1(10),3,5,8,11,13-hexaen-3-yl}methyl)dimethylamine",Humans and other mammals
P14867; P47869; P34903; P31644; Q8N1C3; P18507; Q99928; P18505; P47870; P28472; O14764; P78334; O00591; P24046; P28476; A8MPY1; P14867; P47869; P34903; P48169; P31644; Q16445; P18505; P47870; P28472; O14764; P78334; Q8N1C3; P18507; Q99928; O00591; Q9UN88,Halazepam,true,"Halazepam is a _benzodiazepine_ derivative drug exerting anxiolytic, anticonvulsant, sedative, a muscle relaxing effects.[A1212, A178114] It has been shown to be less toxic than chlordiazepoxide or diazepam.[A1212] This drug is no longer marketed in the United States, and was withdrawn by _Schering_, its manufacturer, in 2009.[L6226, L6229]","7-chloro-5-phenyl-1-(2,2,2-trifluoroethyl)-2,3-dihydro-1H-1,4-benzodiazepin-2-one",Humans and other mammals
P14867; P33261; P20813; P47869; P34903; P48169; P31644; Q16445; P43681; P36544; P42262; Q13002; O75469,Methylphenobarbital,true,"A barbiturate that is metabolized to phenobarbital. It has been used for similar purposes, especially in epilepsy, but there is no evidence mephobarbital offers any advantage over phenobarbital.","5-ethyl-1-methyl-5-phenyl-1,3-diazinane-2,4,6-trione",Humans and other mammals
P08684; P14867; P47869; P34903; P31644; Q8N1C3; P18507; Q99928; P18505; P47870; P28472; O14764; P78334; O00591; P24046; P28476; A8MPY1; P14867; P47869; P34903; P48169; P31644; Q16445; P18505; P47870; P28472; O14764; P78334; Q8N1C3; P18507; Q99928; O00591; Q9UN88,Estazolam,true,"A benzodiazepine with anticonvulsant, hypnotic, and muscle relaxant properties. It has been shown in some cases to be more potent than diazepam or nitrazepam.","12-chloro-9-phenyl-2,4,5,8-tetraazatricyclo[8.4.0.0²,⁶]tetradeca-1(10),3,5,8,11,13-hexaene",Humans and other mammals
P14867,Dihydroquinidine barbiturate,true,"",,""
P14867; P47869; Q14524; O00180; P42262,Quinidine barbiturate,true,The administration of quinidine derivatives helps to observe various skin and mucosal reactions. A papulopurpuric eruption in a  patient (without thrombopenia) can be developed who is taking quinidine phenylethyl barbiturate intermittently and at reintroduction.(PMID: 9739909),"5-ethyl-5-phenyl-1,3-diazinane-2,4,6-trione; {5-ethenyl-1-azabicyclo[2.2.2]octan-2-yl}(6-methoxyquinolin-4-yl)methanol",""
P11712; P14555; P23975; P23415; P14867; P47870; P18507; P08684,Ginkgo biloba,false,"The extract of the Ginkgo leaves contains flavonoid glycosides and terpenoids (ginkgolides, bilobalides) and has been used pharmaceutically for hundreds of years. It has many alleged nootropic properties, and is mainly used as memory and concentration enhancer, and anti-vertigo agent. Ginkgo extract seems to have three effects on the human body: it improves blood flow (including microcirculation in small capillaries) to most tissues and organs; it protects against oxidative cell damage from free radicals; and it blocks many of the effects of PAF (platelet aggregation, blood clotting) that have been related to the development of a number of cardiovascular, renal, respiratory and CNS (Central Nervous System) disorders.",,""
P05108; P14867; P14867; P47869; P34903; P48169; P31644; Q16445; P18505; P47870; P28472; O14764; P78334; Q8N1C3; P18507; Q99928; O00591; Q9UN88,Glutethimide,true,Glutethimide is a hypnotic and sedative. Its use has been largely superseded by other drugs.,"3-ethyl-3-phenylpiperidine-2,6-dione",Humans and other mammals
P14867; P47869; P34903; P48169; P31644; Q16445; P43681; P36544; P42262; Q13002; P08684; P33261,Barbital,true,A long-acting barbiturate that depresses most metabolic processes at high doses. It is used as a hypnotic and sedative and may induce dependence. Barbital is also used in veterinary practice for central nervous system depression. Barbital is a schedule IV controlled drug.,"5,5-diethyl-1,3-diazinane-2,4,6-trione",""
P47869; P48169; P31644; Q16445; P34903; P30536; P33261; P16662; P11509; P20813; P11712; P08684; P05181; P22309; P35503; P14867; P28472; P18507,Flunitrazepam,true,Flunitrazepam is a benzodiazepine with pharmacologic actions similar to those of diazepam that can cause anterograde amnesia. Some reports indicate that it is used as a date rape drug and suggest that it may precipitate violent behavior. The United States Government has banned the importation of this drug.,"5-(2-fluorophenyl)-1-methyl-7-nitro-2,3-dihydro-1H-1,4-benzodiazepin-2-one",Humans and other mammals
P30536; P14867; P18505; Q8N1C3; O14764; P78334; P08684; P08183; P02768,Ketazolam,true,"Ketazolam is a benzodiazepine derivative with anxiolytic, anticonvulsant, sedative and skeletal muscle relaxant activity. Ketazolam is not approved in Canada or America.","14-chloro-4,10-dimethyl-2-phenyl-3-oxa-7,10-diazatricyclo[9.4.0.0²,⁷]pentadeca-1(11),4,12,14-tetraene-6,9-dione",""
P37610; P54965; P23415; Q7Z2H8; P31641; P46059; O95932; Q14032; Q13224; P23416; O75311; P14867; P47869; P34903; P48169; P31644; Q16445; P18505; P47870; P28472; O14764; P78334; Q8N1C3; P18507; Q99928; O00591; Q9UN88; Q9UBS5,Taurine,true,"Taurine, whose chemical name is 2-aminoethanesulfonic acid, is one of the most abundant amino acids in several organs. It plays important role in essential biological processes.[A31396] This conditional amino acid can be either be manufactured by the body or obtained in the diet mainly by the consumption of fish and meat.[L1058] The supplements containing taurine were FDA approved by 1984 and they are hypertonic injections composed by cristalline amino acids.[FDA label]",2-aminoethane-1-sulfonic acid,Humans and other mammals
P14867; P11509; P20813; P33261; P08684,Clomethiazole,true,"Clomethiazole is a well-established γ-aminobutyric acid (GABAA)-mimetic drug. It is a sedative and hypnotic that is widely used in treating and preventing symptoms of acute alcohol withdrawal. It is a drug which is structurally related to thiamine (vitamin B1) but acts like a sedative, hypnotic, muscle relaxant and anticonvulsant. It is also used for the management of agitation, restlessness, short-term insomnia and Parkinson's disease in the elderly.","5-(2-chloroethyl)-4-methyl-1,3-thiazole",""
P14867; P47869; P34903; P48169; P31644; Q16445; Q8N1C3; P18507; Q99928,Adipiplon,true,Adipiplon is an nonbenzodiazepine anxiolytic developed by Neurogen Corporation. It is known by the standardized identifier NG2-73.,"3-fluoro-2-[1-({2-methyl-8-propyl-[1,2,4]triazolo[1,5-c]pyrimidin-7-yl}methyl)-1H-imidazol-2-yl]pyridine",""
P30536; P54855; P14867; P47869; P34903; P48169; P31644; Q16445; P18505; P47870; P28472; O14764; P78334; Q8N1C3; P18507; Q99928; O00591; Q9UN88; P08684,Lorazepam,true,"Lorazepam is a short-acting and rapidly cleared benzodiazepine used commonly as a sedative and anxiolytic.[A957] It was developed by DJ Richards, presented and marketed initially by Wyeth Pharmaceuticals in the USA in 1977. The first historic FDA label approval is reported in 1985 by the company Mutual Pharm.[L5095]","7-chloro-5-(2-chlorophenyl)-3-hydroxy-2,3-dihydro-1H-1,4-benzodiazepin-2-one",Humans and other mammals
P14867; P35498; Q9Y5Y9; Q9UI33; Q99250; Q9NY46; P35499; Q14524; Q01118; Q9UQD0; Q15858; P00918; P22748; P39086; Q13002; Q13003; Q16099; Q16478; P33261; P08684; P00915; P07451; Q13936; Q01668; O60840; Q13698; Q02641; Q08289; P54284; O00305; Q15878; P02768; P08183; Q13131; P54646; Q9Y478; O43741; P54619; Q9UGJ0; Q9UGI9,Topiramate,true,"Topiramate is a anti-epileptic drug used to manage seizures and prevent migraines.[A175249] It was initially approved by the FDA in 1996. In 2004, topiramate was approved for the prevention of migraine in adults.[A188309,L10544] Since 2012, the extended-release formulation has been approved in combination with [phentermine] for chronic weight management therapy in adults.[L10550] 

Characteristics that distinguish topiramate from other antiepileptic drugs are a monosaccharide chemical structure containing a sulfamate, and 40% of its mass accounted for by oxygen.[A175249] Interestingly, topiramate was discovered by chance when attempts were made to formulate a novel antidiabetic drug.[A188330]","[(1R,2S,6S,9R)-4,4,11,11-tetramethyl-3,5,7,10,12-pentaoxatricyclo[7.3.0.0²,⁶]dodecan-6-yl]methyl sulfamate",Humans and other mammals
P21728; P11229; P20309; P28223; P21917; P35367; P08173; P08172; P14416; P28335; P35462; P35368; P05177; P46098; P50406; P35348; P21918; P02768; P02763; P31513; P10635; P08183; P33261; P21728; P21918; P08588; P07550; P13945; P08908; P28222; P28221; P28566; P30939; P14867; P47869; P34903; P48169; P31644; Q16445; Q8N1C3; P18507; Q99928; P11712; P22310; P08684; P08684; Q9HB55; P20815; P24462,Olanzapine,true,"Olanzapine is a thienobenzodiazepine classified as an atypical or second-generation antipsychotic agent.[A176996] The second-generation antipsychotics were introduced in the 90s and quickly widespread due to the presumed higher efficacy, less extrapyramidal side effects and fewer drug-drug interactions.[A177011] Olanzapine presents a very close resemblance to [clozapine] and it only differs by two additional methyl groups and the absence of a chloride moiety.[T554] It was obtained by the research of Eli Lilly and approved to be marketed in the US in 1996.[T548]","5-methyl-8-(4-methylpiperazin-1-yl)-4-thia-2,9-diazatricyclo[8.4.0.0³,⁷]tetradeca-1(14),3(7),5,8,10,12-hexaene",Humans and other mammals
P33261; P08684; P20813; P33260; P30531; P48066; P08183; P14867; P47869; P34903; P48169; P31644; Q16445; P18505; P47870; P28472; O14764; P78334; Q8N1C3; P18507; Q99928; O00591; Q9UN88; P10635,Clobazam,true,"Clobazam belongs to the 1,5-benzodiazepine class of drugs and is expected to have a better side-effect profile compared to older 1,4-benzodiazepines. It has been marketed as an anxiolytic since 1975 and an anticonvulsant since 1984. The oral preparation was FDA approved on October 21, 2011. An oral suspension is expected to be available in 2013.","7-chloro-1-methyl-5-phenyl-2,3,4,5-tetrahydro-1H-1,5-benzodiazepine-2,4-dione",Humans and other mammals
P14867; Q16445; P30536; P34903; P48169; P31644; P47869; P08684; P11712; P20815; P24462; P14867; P47869; P34903; P48169; P31644; Q16445; P18505; P47870; P28472; O14764; P78334; Q8N1C3; P18507; Q99928; O00591; Q9UN88; P02768; P02763; P19652,Alprazolam,true,"Alprazolam is a triazolobenzodiazepine indicated for the treatment of anxiety and panic disorders.[Label] It is mainly metabolized by CYP3As and so is contraindicated with CYP3A inhibitors like ketoconazole and itraconazole.[Label] Benzodiazepine treatment should be stopped gradually by tapering down a patient's dose to avoid withdrawal symptoms.[A18125] Alprazolam's adverse effects are generally related to the sedation it can cause.[A18125] Alprazolam has been mixed with alcohol as a drug of abuse to potentiate the sedative effects of the drug which may lead to coma and death.[A18125] Alprazolam was given FDA approval on October 16, 1981[L6148].","12-chloro-3-methyl-9-phenyl-2,4,5,8-tetraazatricyclo[8.4.0.0²,⁶]tetradeca-1(10),3,5,8,11,13-hexaene",Humans and other mammals
P14867; P47869; P34903; P48169; P31644; Q16445; P18505; P47870; P28472; O14764; P78334; Q8N1C3; P18507; Q99928; O00591; Q9UN88,Chlordiazepoxide,true,"An anxiolytic benzodiazepine derivative with anticonvulsant, sedative, and amnesic properties. It has also been used in the symptomatic treatment of alcohol withdrawal.","7-chloro-2-(methylamino)-5-phenyl-3H-1,4-benzodiazepin-4-ium-4-olate",Humans and other mammals
P14867; O00519; P47869; P34903; P48169; P31644; Q16445; P43681; P36544; P42262; Q13002; P08684; Q9HB55; P20815; P24462; P20309; P33261,Thiopental,true,"A barbiturate that is administered intravenously for the induction of general anesthesia or for the production of complete anesthesia of short duration. It is also used for hypnosis and for the control of convulsive states. It has been used in neurosurgical patients to reduce increased intracranial pressure. It does not produce any excitation but has poor analgesic and muscle relaxant properties. Small doses have been shown to be anti-analgesic and lower the pain threshold. (From Martindale, The Extra Pharmacopoeia, 30th ed, p920)","5-ethyl-5-(pentan-2-yl)-2-sulfanylidene-1,3-diazinane-4,6-dione",Humans and other mammals
P06401; P03372; P08684; P10632; P26439; P11712; P04800; P02768; P08183; P14867; P47869; P34903; P48169; P31644; Q16445; P18505; P47870; P28472; O14764; P78334; Q8N1C3; P18507; Q99928; O00591; Q9UN88,Medroxyprogesterone acetate,true,"Medroxyprogesterone acetate (MPA) is a [progesterone] derivative that is more resistant to metabolism for improved pharmacokinetic properties.[A14848] MPA can be use to treat secondary amenorrhea, endometrial hyperplasia, abnormal uterine bleeding, osteoporosis, vasomotor symptoms in menopause, vulvar and vaginal atrophy, prevent pregnancy, manage pain in endometriosis, prevent pregnancy, and is also used in palliative care for endometrial and renal carcinoma.[L8657,L8660,L8663,L8666,L8669]

Medroxyprogesterone acetate was granted FDA approval on 18 June 1959.[L8657]","(1S,2R,8S,10R,11S,14R,15S)-14-acetyl-2,8,15-trimethyl-5-oxotetracyclo[8.7.0.0²,⁷.0¹¹,¹⁵]heptadec-6-en-14-yl acetate",Humans and other mammals
P14867; P18505; P28472; P31644; P34903; P47869; P47870; P48169; Q16445; Q8N1C3; P18507; Q99928; O14764; P78334; O00591; P28476; Q9UN88; P24046; P08684; A8MPY1; P08183; P05181; P11509; O15244,Flurazepam,true,A benzodiazepine derivative used mainly as a hypnotic.,"7-chloro-1-[2-(diethylamino)ethyl]-5-(2-fluorophenyl)-2,3-dihydro-1H-1,4-benzodiazepin-2-one",Humans and other mammals
P20813; P22309; O60656; P47870; P28472; P02768; P35499; Q99250; O00519; P11712; Q9HAW9; P05181; Q16678; P04798; P05177; P33260; P33261; P10632; P19224; P14867; P47869; P34903; P48169; P31644; Q16445; P18505; P47870; P28472; O14764; P78334; Q8N1C3; P18507; Q99928; O00591; Q9UN88,Propofol,true,"Propofol is an intravenous anaesthetic agent used for induction and maintenance of general anaesthesia. IV administration of propfol is used to induce unconsciousness after which anaesthesia may be maintained using a combination of medications. Recovery from propofol-induced anaesthesia is generally rapid and associated with less frequent side effects (e.g. drowsiness, nausea, vomiting) than with thiopental, methohexital, and etomidate. Propofol may be used prior to diagnostic procedures requiring anaesthesia, in the management of refractory status epilepticus, and for induction and/or maintenance of anaesthesia prior to and during surgeries.","2,6-bis(propan-2-yl)phenol",Humans and other mammals
P14867; Q8TCU5; P23415; P23416; P05181; P04798; P05177; P20813; P33261; P11712; P08684; Q02928; P07327; P00325; P00326; P11766; Q02641; P46098; P08319; P47869; Q9GZZ6; Q13936; P31644; P48169; P40394; P34903; P42261; Q06432; Q15822; Q16445; P42262; P48058; P42263; P43681; P17787; P48549; P48051; P19320; Q99808; P48544; P36544; Q9UGM1; P18505; P28472; P47870; Q13698; Q01668; P28332; P30926; P32297; P30532; Q15825; Q05901; Q8N1C3; Q99928; P78334; O00591; Q9UN88; O14764; P14550; Q14542; A5X5Y0; O95264; Q70Z44; Q8WXA8; Q9Y698; Q92806; P32004,Ethanol,true,"A clear, colorless liquid rapidly absorbed from the gastrointestinal tract and distributed throughout the body. It has bactericidal activity and is used often as a topical disinfectant. It is widely used as a solvent and preservative in pharmaceutical preparations as well as serving as the primary ingredient in alcoholic beverages.",ethanol,Humans and other mammals
P30536; P14867; P08684; Q06278; P20815; P24462,Zaleplon,true,"Zaleplon is a sedative/hypnotic, mainly used for insomnia. It is known as a nonbenzodiazepine hypnotic. Zaleplon interacts with the GABA receptor complex and shares some of the pharmacological properties of the benzodiazepines. Zaleplon is a schedule IV drug in the United States.","N-(3-{3-cyanopyrazolo[1,5-a]pyrimidin-7-yl}phenyl)-N-ethylacetamide",Humans and other mammals
P98194; P30049; P03886; P14867; Q09470; P42261; P23415; P05181; P05177; P11509; P20813; P11712; P10635; P08684; P14867; P47869; P34903; P48169; P31644; Q16445; P18505; P47870; P28472; O14764; P78334; Q8N1C3; P18507; Q99928; O00591; Q9UN88,Methoxyflurane,true,"An inhalation anesthetic. Currently, methoxyflurane is rarely used for surgical, obstetric, or dental anesthesia. If so employed, it should be administered with nitrous oxide to achieve a relatively light level of anesthesia, and a neuromuscular blocking agent given concurrently to obtain the desired degree of muscular relaxation. (From AMA Drug Evaluations Annual, 1994, p180)","2,2-dichloro-1,1-difluoro-1-methoxyethane",Humans and other mammals
P20813; O15244; P46098; Q693P7; P11509; P33261; P14416; Q05586; P19634; Q9H015; Q96FL8; Q05586; Q12879; Q13224; Q14957; O15399; Q8TCU5; O60391; P14867; P47869; P34903; P48169; P31644; Q16445; P18505; P47870; P28472; O14764; P78334; Q8N1C3; P18507; Q99928; O00591; Q9UN88; P23415; P23416; O75311; Q5JXX5; P48167,Memantine,true,"Initially approved by the FDA in 2013, memantine is an N-methyl-D-aspartate (NMDA) receptor antagonist used in the management of Alzheimer's Disease (AD).  It is different from many other Alzheimer's Disease medications, as it works by a different mechanism than the cholinesterase enzyme inhibitors normally employed in the management of Alzheimer's disease [A1639].  Memantine blocks the effects of glutamate, a neurotransmitter in the brain that leads to neuronal excitability and excessive stimulation in Alzheimer's Disease [T556].

In 2010, it was estimated that 36 million people worldwide live with Alzheimer's Disease. In 2013, this number increased to 44 million.  Almost doubling every 20 years, the prevalence of Alzheimer's Disease is predicted to reach 66 million by 2030 and to 115 million by 2050 [F4366]. In December 2013, the G8 dementia summit concluded that dementia should be considered a global priority with the objective of developing a cure or a disease-modifying therapy by the year 2025 [L5953, F4366].","3,5-dimethyladamantan-1-amine",Humans and other mammals
P30536; P08684; P02768; P05181; P11245; P14867; P47869; P34903; P48169; P31644; Q16445; P18505; P47870; P28472; O14764; P78334; Q8N1C3; P18507; Q99928; O00591; Q9UN88; O75469,Clonazepam,true,"A benzodiazepine used to treat various seizures, including myotonic or atonic seizures, photosensitive epilepsy, and absence seizures, although tolerance may develop [FDA Label] [L5572, F3763, F3787, F3796]. The agent has also been indicated for treating panic disorder [FDA Label] [A175438, L5572, F3763, F3787, F3796]. The mechanism of action appears to involve the enhancement of gamma-aminobutyric acid receptor responses [FDA Label] [A175438, A175441, L5572, F3763, F3787, F3796].

Since being first patented in 1960 and then released for sale from Roche in the US in 1975 [T469, T472], clonazepam has experienced a storied history in the treatment of the aforementioned medical conditions. Now available as a generic medication, the agent continues to see exceptionally high use as millions of prescriptions are written for the medication internationally every year. Unfortunately, however, like most benzodiazepines, clonazepam use has also been associated with recreational use and drug abuse [FDA Label] [L5572, F3763, F3787, F3796].","5-(2-chlorophenyl)-7-nitro-2,3-dihydro-1H-1,4-benzodiazepin-2-one",Humans and other mammals
P30536; P10632; P11712; P08684; P23219; P14867; P47869; P34903; P31644; P05181,Zopiclone,true,Zopiclone is a novel hypnotic agent used in the treatment of insomnia. Its mechanism of action is based on modulating benzodiazepine receptors. In addition to zopiclone's benzodiazepine pharmacological properties it also has some barbiturate like properties.,"6-(5-chloropyridin-2-yl)-7-oxo-5H,6H,7H-pyrrolo[3,4-b]pyrazin-5-yl 4-methylpiperazine-1-carboxylate",Humans and other mammals
P98194; P03886; P23415; P42261; P14867; Q09470; P30049; P05181; P02768; P11509; P20813; P08684; P14867; P47869; P34903; P48169; P31644; Q16445; P18505; P47870; P28472; O14764; P78334; Q8N1C3; P18507; Q99928; O00591; Q9UN88,Sevoflurane,true,"Sevoflurane, also called fluoromethyl, is an ether inhalation anaesthetic agent used for the induction and maintenance of general anesthesia. It is a volatile, non-flammable, non-irritant, and easy-to-administer compound with a low solubility profile and blood-to-gas partition coefficient.","1,1,1,3,3,3-hexafluoro-2-(fluoromethoxy)propane",Humans and other mammals
P10275; P08684; P10632; P33261; P11712; P08183; Q9UNQ0; Q9Y6L6; O15244; Q8TCC7; Q86VL8; P14867; P47869; P34903; P48169; P31644; Q16445; P18505; P47870; P28472; O14764; P78334; Q8N1C3; P18507; Q99928; O00591; Q9UN88; Q96FL8,Apalutamide,true,"Apalutamide is a potent androgen receptor (AR) antagonist that selectively binds to the ligand-binding domain of AR and blocks AR nuclear translocation or binding to androgen response elements [A31846]. It has been used in trials studying the treatment of Prostate Cancer, Hepatic Impairment, Prostatic Neoplasms, Castration-Resistant Prostate Cancer, and Prostatic Neoplasms, Castration-Resistant, among others. Exerting an antitumor action, apalutamide blocking the effect of androgens that promote tumor growth. It targets the AR ligand-binding domain and prevents AR nuclear translocation, DNA binding, and transcription of AR gene targets in prostate tumors [A31846]. In mice bearing human CRPC xenograft models, apalutamide treatment produced tumor regressions in a dose-dependent manner that was more effective than that of [DB01128] or [DB08899]. Unlike bicalutamide, apalutamide antagonized AR-mediated signaling in AR overexpressing human CRPC cell lines [A31846].

Androgen-deprivation therapy, or hormone therapy, can be used as part of maintenance therapy for patients with non-metastatic prostate cancer. Although most patients achieve therapeutic responses at the initial hormone therapy, many patients progress to non-metastatic castration-resistant (resistance to hormone therapy) prostate cancer which is the second-most common cause of cancer-related deaths in American males [A31852]. Castration-resistant prostate cancer is often incurable, which poses significant clinical challenges for patients. Approximately 10 to 20 % of prostate cancer cases are castration-resistant, and up to 16% of these patients show no evidence of cancer metastasis at the time of castration-resistant diagnosis [L1295]. Higher prostate-specific antigen (PSA) and shorter PSA doubling time (PSA DT) are associated with a higher risk for metastases and death [A31846]. In a phase-2 multicenter open-label study, 89% of patients with non-metastatic, castration-resistant prostate cancer had ≥50% PSA decline at week 12 of apalutamide treatment [A31846]. In a randomized trial, the median metastasis-free survival for patients taking apalutamide was 40.5 months compared to 16.2 months for patients taking a placebo [L1295]. Apalutamide displayed good tolerability and safety profile in clinical studies. 

Apalutamide was approved in February 2018 by the FDA as Erleada for the treatment of patients with non-metastatic prostate cancer that is resistant to treatment with hormone therapy (castration-resistant). It is available as oral tablets. Apalutamide is the first FDA-approved treatment for non-metastatic, castration-resistant prostate cancer [L1295].","4-{7-[6-cyano-5-(trifluoromethyl)pyridin-3-yl]-8-oxo-6-sulfanylidene-5,7-diazaspiro[3.4]octan-5-yl}-2-fluoro-N-methylbenzamide",Humans and other mammals
